,order quantity,SPEC_1st_N,SPEC_1st_L1,SPEC_1st_L2,SPEC_1st_L3,SPEC_2nd_L1,SPEC_2nd_L2,SPEC_2nd_L3,Customer,By_way,Types,Ap_outer_r,Ap_L,cen_outter_r,cen_L,cen_material,Shell_outer_r_1,Shell_outer_r_2,shell_L,shell_material,Human_Hrs,Material_Cost
1,1.0,625.0,X,X,S,A,M,N,UMC 8C,SEMI,國內終端,76.2,204.0,44.0,204.0,SUS420,76.2,0.0,87.5,AL6061,0.0,0.0
2,1.0,625.0,X,X,S,A,M,N,UMC 8C,SEMI,國內終端,76.2,204.0,44.0,204.0,SUS420,76.2,0.0,87.5,AL6061,0.0,0.0
3,1.0,30.0,X,X,S,W,M,R,AMAT,DISPLAY,國內設備商,128.0,180.5,54.9,180.5,SUS420,128.0,0.0,121.0,SUS304,455.0,16083.0
4,1.0,625.0,X,X,S,A,M,N,UMC 8C,SEMI,國內終端,76.2,204.0,44.0,204.0,SUS420,76.2,0.0,87.5,AL6061,0.0,0.0
5,1.0,625.0,X,X,S,A,M,N,UMC 8C,SEMI,國內終端,76.2,204.0,44.0,204.0,SUS420,76.2,0.0,87.5,AL6061,0.0,0.0
6,1.0,6.0,X,X,S,C,N,R,力積電,SEMI,國內終端,52.0,63.5,6.0,63.5,SUS420,52.0,0.0,25.0,SUS304,773.0,5559.0
7,2.0,1000.0,B,X,X,C,M,N,奈司特,SEMI,國內代理商,119.45,115.7,46.15,108.4,SUS420,119.45,0.0,109.3,SUS304,2159.0,20684.0
8,1.0,105.0,X,X,S,W,N,H,力積電,SEMI,國內終端,226.1,280.8,193.05,280.8,SUS420,226.1,0.0,148.65,AL6061,2888.0,107525.0
9,5.0,30.0,X,X,S,W,M,R,AUOL8A,DISPLAY,國內終端,138.0,231.0,54.9,231.0,SUS420,138.0,0.0,127.0,SUS304,763.0,16655.0
10,5.0,30.0,X,X,S,W,M,R,AUOL8A,DISPLAY,國內終端,138.0,231.0,54.9,231.0,SUS420,138.0,0.0,127.0,SUS304,763.0,16655.0
11,5.0,12.0,X,X,S,C,N,R,崇文,SEMI,國內設備商,56.0,103.2,12.0,103.2,SUS420,56.0,0.0,56.4,SUS304,0.0,0.0
12,1.0,625.0,X,X,S,A,M,N,UMC 8C,SEMI,國內終端,76.2,204.0,44.0,204.0,SUS420,76.2,0.0,87.5,AL6061,0.0,0.0
13,1.0,625.0,X,X,S,A,M,N,UMC 8C,SEMI,國內終端,76.2,204.0,44.0,204.0,SUS420,76.2,0.0,87.5,AL6061,0.0,0.0
14,1.0,20.0,X,F,S,W,N,R,貫旭,OTHERS,國內設備商,105.0,242.0,30.0,242.0,SUS420,105.0,0.0,68.5,SUS304,0.0,0.0
15,1.0,30.0,X,X,S,W,M,R,AMAT,DISPLAY,國內設備商,138.0,231.0,54.9,231.0,SUS420,138.0,0.0,127.0,SUS304,1299.0,18365.0
16,1.0,30.0,X,X,S,W,M,R,AMAT,DISPLAY,國內設備商,138.0,231.0,54.9,231.0,SUS420,138.0,0.0,127.0,SUS304,1299.0,18365.0
17,1.0,625.0,X,X,S,A,M,N,UMC 8C,SEMI,國內終端,76.2,204.0,44.0,204.0,SUS420,76.2,0.0,87.5,AL6061,0.0,0.0
18,1.0,625.0,X,X,S,A,M,N,UMC 8C,SEMI,國內終端,76.2,204.0,44.0,204.0,SUS420,76.2,0.0,87.5,AL6061,0.0,0.0
19,1.0,75.0,A,X,H,C,N,R,INX-2,DISPLAY,國內終端,238.2,100.0,90.0,100.0,SUS420,238.2,0.0,98.0,SUS304,0.0,0.0
20,1.0,20.0,X,X,S,W,M,R,新唐,SEMI,國內終端,105.0,136.0,29.0,136.0,SUS420,105.0,0.0,87.85,SUS304,884.0,13671.0
21,1.0,20.0,X,X,S,W,M,R,新唐,SEMI,國內終端,105.0,136.0,29.0,136.0,SUS420,105.0,0.0,87.85,SUS304,884.0,13671.0
22,2.0,12.0,A,F,S,C,N,R,漢民,SEMI,國內設備商,74.0,84.0,33.0,84.0,SUS420,74.0,0.0,64.0,SUS304,989.0,13248.0
23,1.0,40.0,A,F,M,W,N,R,漢民,SEMI,國內設備商,135.0,120.0,50.0,120.0,SUS420,135.0,0.0,102.0,SUS304,1137.0,22704.0
24,1.0,12.0,A,N,S,W,N,N,漢民,SEMI,國內設備商,48.0,211.0,15.0,211.0,SUS420,48.0,0.0,141.0,SUS304,794.0,13429.0
25,1.0,12.0,A,X,M,C,N,R,漢民,SEMI,國內設備商,74.0,295.0,16.0,295.0,SUS304,74.0,0.0,57.5,SUS304,0.0,0.0
26,4.0,30.0,X,X,S,W,M,R,艾美瑞,DISPLAY,國外代理商,138.0,231.0,54.9,231.0,SUS420,138.0,0.0,127.0,SUS304,763.0,16655.0
27,2.0,30.0,X,X,S,W,N,R,艾美瑞,DISPLAY,國外代理商,146.0,162.0,56.85,162.0,SUS420,146.0,0.0,76.0,SUS304,619.0,18600.0
28,1.0,625.0,X,X,S,A,M,N,UMC 8C,SEMI,國內終端,76.2,204.0,44.0,204.0,SUS420,76.2,0.0,87.5,AL6061,0.0,0.0
29,1.0,625.0,X,X,S,A,M,N,UMC 8C,SEMI,國內終端,76.2,204.0,44.0,204.0,SUS420,76.2,0.0,87.5,AL6061,0.0,0.0
30,5.0,30.0,X,X,S,W,M,R,AMAT,DISPLAY,國內設備商,128.0,180.5,54.9,180.5,SUS420,128.0,0.0,121.0,SUS304,455.0,16083.0
31,1.0,30.0,X,X,S,W,M,R,AMAT,DISPLAY,國內設備商,138.0,231.0,54.9,231.0,SUS420,138.0,0.0,127.0,SUS304,1299.0,18365.0
32,2.0,375.0,B,B,S,C,N,R,竑新,OTHERS,國內代理商,41.0,86.5,10.0,86.5,SUS420,41.0,0.0,42.0,SUS304,286.0,4018.0
33,2.0,20.0,A,F,S,C,N,R,日揚,SEMI,國內代理商,114.0,134.0,25.0,134.0,SUS420,114.0,0.0,62.0,SUS304,0.0,0.0
34,1.0,6.0,A,X,S,C,N,R,WaferTech,SEMI,國外終端,52.0,91.0,6.0,91.0,SUS420,52.0,0.0,25.0,SUS304,962.0,6888.0
35,1.0,8.0,A,G,S,C,N,R,日揚,SEMI,國內代理商,33.8,158.15,9.0,158.15,SUS420,33.8,0.0,44.45,SUS304,0.0,0.0
36,2.0,375.0,B,B,S,C,N,R,加高,OTHERS,國內終端,41.0,86.5,10.0,86.5,SUS420,41.0,0.0,42.0,SUS304,286.0,4018.0
37,1.0,1500.0,B,F,M,W,N,R,南茂,SEMI,國內終端,177.9,94.3,48.3,94.3,SUS420,177.9,0.0,76.4,SUS304,0.0,0.0
38,3.0,375.0,B,B,S,C,N,R,璟茂,OTHERS,國內設備商,41.0,86.5,10.0,86.5,SUS420,41.0,0.0,42.0,SUS304,286.0,4018.0
39,3.0,250.0,B,B,S,C,N,R,璟茂,OTHERS,國內設備商,44.45,98.0,10.0,98.0,SUS420,41.275,0.0,53.0,SUS304,0.0,0.0
40,5.0,375.0,B,B,S,C,N,R,聚昌,LED,國內設備商,41.0,86.5,10.0,86.5,SUS420,41.0,0.0,42.0,SUS304,286.0,4018.0
41,1.0,625.0,X,X,S,A,M,N,UMC 8C,SEMI,國內終端,76.2,204.0,44.0,204.0,SUS420,76.2,0.0,87.5,AL6061,0.0,0.0
42,1.0,625.0,X,X,S,A,M,N,UMC 8C,SEMI,國內終端,76.2,204.0,44.0,204.0,SUS420,76.2,0.0,87.5,AL6061,0.0,0.0
43,1.0,375.0,B,B,S,C,N,R,光頡科技,LED,國內終端,41.0,86.5,10.0,86.5,SUS420,41.0,0.0,42.0,SUS304,286.0,4018.0
44,1.0,1000.0,B,X,X,C,M,N,亞太竑,INDUSTRIAL,國內代理商,119.45,115.7,46.15,108.4,SUS420,119.45,0.0,109.3,SUS304,2159.0,20684.0
45,2.0,20.0,A,F,M,C,N,R,永喬,DISPLAY,國內代理商,105.0,81.5,30.0,82.5,SUS420,105.0,0.0,68.5,SUS304,0.0,0.0
46,1.0,20.0,A,F,M,C,N,R,旭騰,OTHERS,國內代理商,105.0,82.5,30.0,82.5,SUS420,105.0,0.0,68.5,SUS304,0.0,0.0
47,1.0,6.0,A,G,S,C,M,U,向新,OTHERS,國內設備商,113.5,185.5,10.0,105.5,SUS420,113.5,0.0,65.5,SUS304,0.0,0.0
48,1.0,12.0,A,F,S,W,N,N,漢民,SEMI,國內設備商,90.0,110.0,17.0,110.0,SUS420,90.0,0.0,80.0,SUS316,0.0,0.0
49,1.0,6.0,A,X,S,C,N,R,TSMC-8,SEMI,國內終端,52.0,91.0,6.0,91.0,SUS420,52.0,0.0,25.0,SUS304,962.0,6888.0
50,1.0,12.0,A,F,S,W,M,N,漢民,SEMI,國內設備商,64.0,134.0,19.0,134.0,SUS420,64.0,0.0,79.0,SUS304,0.0,0.0
51,1.0,40.0,A,F,M,W,N,R,漢民,SEMI,國內設備商,135.0,120.0,50.0,120.0,SUS420,135.0,0.0,102.0,SUS304,1137.0,22704.0
52,4.0,12.0,A,F,S,W,N,N,漢民,SEMI,國內設備商,90.0,110.0,17.0,110.0,SUS420,90.0,0.0,80.0,SUS316,0.0,0.0
53,2.0,20.0,A,F,S,C,N,R,海拓,OTHERS,國外設備商,105.0,162.4,24.0,162.4,SUS420,105.0,0.0,92.4,SUS304,664.0,12513.0
54,1.0,20.0,A,F,M,C,N,R,ULVAC,DISPLAY,國內設備商,105.0,81.5,30.0,82.5,SUS420,105.0,0.0,68.5,SUS304,0.0,0.0
55,1.0,20.0,A,F,M,C,N,R,ULVAC,DISPLAY,國內設備商,105.0,81.5,30.0,82.5,SUS420,105.0,0.0,68.5,SUS304,0.0,0.0
56,1.0,16.0,A,X,S,C,N,R,漢民,SEMI,國內設備商,74.0,319.5,20.0,319.5,SUS420,74.0,0.0,68.0,SUS304,1118.0,12216.0
57,2.0,20.0,A,F,S,C,N,R,巨孚,INDUSTRIAL,國內設備商,105.0,162.4,24.0,162.4,SUS420,105.0,0.0,92.4,SUS304,664.0,12513.0
58,1.0,20.0,X,N,S,C,N,X,新唐,SEMI,國內終端,48.0,207.0,21.5,207.0,SUS420,48.0,0.0,138.5,SUS304,1016.0,11516.0
59,1.0,12.0,A,C,H,C,N,R,亮傑,SEMI,國內設備商,40.0,50.0,20.0,49.5,SUS420,40.0,0.0,50.0,SUS316,0.0,0.0
60,1.0,10.0,A,X,M,W,N,H,承鋐儀器,OTHERS,國內設備商,56.8,92.0,17.0,92.0,SUS420,56.8,0.0,78.0,SUS304,0.0,0.0
61,1.0,10.0,X,B,S,C,N,R,聚昌,LED,國內設備商,42.0,158.8,10.0,158.8,SUS420,42.0,0.0,100.2,SUS304,814.0,8885.0
62,1.0,20.0,X,N,S,C,N,X,新唐,SEMI,國內終端,48.0,207.0,21.5,207.0,SUS420,48.0,0.0,138.5,SUS304,1016.0,11516.0
63,5.0,375.0,B,B,S,C,N,R,聚昌,LED,國內設備商,41.0,86.5,10.0,86.5,SUS420,41.0,0.0,42.0,SUS304,286.0,4018.0
64,2.0,4167.0,B,X,X,C,N,R,漢辰,SEMI,國內設備商,266.0,411.0,179.3,411.0,AL6061,266.0,0.0,316.3,AL6061,3054.0,67788.0
66,1.0,20.0,X,N,S,C,N,X,新唐,SEMI,國內終端,48.0,207.0,21.5,207.0,SUS420,48.0,0.0,138.5,SUS304,1016.0,11516.0
67,1.0,30.0,D,X,S,W,M,R,AUOL6A,DISPLAY,國內終端,138.0,257.5,54.9,231.0,SUS420,138.0,0.0,127.0,SUS304,0.0,0.0
68,1.0,625.0,X,X,S,A,N,H,UMC 8C,SEMI,國內終端,76.2,204.0,44.0,204.0,SUS420,76.2,0.0,87.5,AL6061,934.0,20717.0
69,1.0,625.0,X,X,S,A,N,H,UMC 8C,SEMI,國內終端,76.2,204.0,44.0,204.0,SUS420,76.2,0.0,87.5,AL6061,772.0,16786.0
70,1.0,12.0,A,F,S,W,N,N,漢民,SEMI,國內設備商,90.0,110.0,17.0,110.0,SUS420,90.0,0.0,80.0,SUS316,0.0,0.0
71,2.0,20.0,X,X,S,W,M,R,新唐,SEMI,國內終端,105.0,136.0,29.0,136.0,SUS420,105.0,0.0,87.85,SUS304,884.0,13671.0
72,1.0,625.0,X,X,S,A,N,H,UMC 8C,SEMI,國內終端,76.2,204.0,44.0,204.0,SUS420,76.2,0.0,87.5,AL6061,934.0,20717.0
73,1.0,625.0,X,X,S,A,N,H,UMC 8C,SEMI,國內終端,76.2,204.0,44.0,204.0,SUS420,76.2,0.0,87.5,AL6061,772.0,16786.0
74,1.0,12.0,A,F,S,W,M,N,漢民,SEMI,國內設備商,64.0,134.0,19.0,134.0,SUS420,64.0,0.0,79.0,SUS304,0.0,0.0
75,1.0,40.0,A,F,M,W,N,R,漢民,SEMI,國內設備商,135.0,120.0,50.0,120.0,SUS420,135.0,0.0,102.0,SUS304,1137.0,22704.0
76,1.0,20.0,A,F,S,C,N,R,巨孚,INDUSTRIAL,國內設備商,105.0,162.4,24.0,162.4,SUS420,105.0,0.0,92.4,SUS304,664.0,12513.0
77,2.0,20.0,X,X,S,W,M,R,新唐,SEMI,國內終端,105.0,136.0,29.0,136.0,SUS420,105.0,0.0,87.85,SUS304,884.0,13671.0
78,1.0,375.0,B,B,S,C,N,R,聚昌,LED,國內設備商,41.0,86.5,10.0,86.5,SUS420,41.0,0.0,42.0,SUS304,286.0,4018.0
79,1.0,625.0,X,X,S,A,N,H,聯穎光電,LED,國內終端,76.2,204.0,44.0,204.0,SUS420,76.2,0.0,87.5,AL6061,934.0,20717.0
80,1.0,625.0,X,X,S,A,N,H,聯穎光電,LED,國內終端,76.2,204.0,44.0,204.0,SUS420,76.2,0.0,87.5,AL6061,772.0,16786.0
81,2.0,6.0,A,G,S,C,N,R,日揚,SEMI,國內代理商,34.0,102.0,6.35,102.0,SUS420,34.0,0.0,68.0,SUS304,0.0,0.0
82,10.0,375.0,B,B,S,C,N,R,聚昌,LED,國內設備商,41.0,86.5,10.0,86.5,SUS420,41.0,0.0,42.0,SUS304,286.0,4018.0
83,1.0,12.0,A,F,S,W,M,N,漢民,SEMI,國內設備商,64.0,134.0,19.0,134.0,SUS420,64.0,0.0,79.0,SUS304,0.0,0.0
84,1.0,12.0,A,X,M,C,N,R,漢民,SEMI,國內設備商,74.0,295.0,16.0,295.0,SUS304,74.0,0.0,57.5,SUS304,0.0,0.0
85,1.0,625.0,X,X,S,A,N,H,UMC 8C,SEMI,國內終端,76.2,204.0,44.0,204.0,SUS420,76.2,0.0,87.5,AL6061,934.0,20717.0
86,1.0,625.0,X,X,S,A,N,H,UMC 8C,SEMI,國內終端,76.2,204.0,44.0,204.0,SUS420,76.2,0.0,87.5,AL6061,772.0,16786.0
87,1.0,16.0,A,X,S,C,N,R,漢民,SEMI,國內設備商,74.0,319.5,20.0,319.5,SUS420,74.0,0.0,68.0,SUS304,1118.0,12216.0
88,3.0,4167.0,B,X,X,C,N,R,漢辰,SEMI,國內設備商,266.0,411.0,179.3,411.0,AL6061,266.0,0.0,316.3,AL6061,3054.0,67788.0
89,1.0,625.0,X,X,S,A,N,H,UMC 8C,SEMI,國內終端,76.2,204.0,44.0,204.0,SUS420,76.2,0.0,87.5,AL6061,934.0,20717.0
90,1.0,625.0,X,X,S,A,N,H,UMC 8C,SEMI,國內終端,76.2,204.0,44.0,204.0,SUS420,76.2,0.0,87.5,AL6061,772.0,16786.0
91,1.0,375.0,B,B,S,C,N,R,倍能真空,OTHERS,國內設備商,41.0,86.5,10.0,86.5,SUS420,41.0,0.0,42.0,SUS304,286.0,4018.0
92,2.0,20.0,X,X,S,W,M,R,新唐,SEMI,國內終端,105.0,136.0,29.0,136.0,SUS420,105.0,0.0,87.85,SUS304,884.0,13671.0
93,3.0,4167.0,B,X,X,C,N,R,漢辰,SEMI,國內設備商,266.0,411.0,179.3,411.0,AL6061,266.0,0.0,316.3,AL6061,3054.0,67788.0
94,2.0,375.0,B,B,S,C,N,R,聚昌,LED,國內設備商,41.0,86.5,10.0,86.5,SUS420,41.0,0.0,42.0,SUS304,286.0,4018.0
95,4.0,20.0,A,F,S,C,N,R,CEAC,INDUSTRIAL,國外代理商,105.0,162.4,24.0,162.4,SUS420,105.0,0.0,92.4,SUS304,664.0,12513.0
97,3.0,4167.0,B,X,X,C,N,R,漢辰,SEMI,國內設備商,266.0,411.0,179.3,411.0,AL6061,266.0,0.0,316.3,AL6061,3054.0,67788.0
98,1.0,105.0,X,X,S,W,N,H,力積電,SEMI,國內終端,226.1,280.8,193.05,280.8,SUS420,226.1,0.0,148.65,AL6061,2888.0,107525.0
99,1.0,5.0,A,X,S,C,N,R,漢磊-3,SEMI,國內終端,49.0,77.5,7.0,77.5,SUS420,49.0,0.0,38.5,SUS304,1020.0,8200.0
100,1.0,20.0,X,X,S,W,M,R,新唐,SEMI,國內終端,105.0,136.0,29.0,136.0,SUS420,105.0,0.0,87.85,SUS304,884.0,13671.0
101,2.0,20.0,X,X,S,W,M,R,新唐,SEMI,國內終端,105.0,136.0,29.0,136.0,SUS420,105.0,0.0,87.85,SUS304,884.0,13671.0
102,1.0,42.0,A,F,C,C,N,R,亮傑,SEMI,國內設備商,118.0,209.15,12.0,209.15,SUS420,118.0,0.0,80.05,SUS304,2686.0,25936.0
103,1.0,375.0,B,B,S,C,N,R,聚昌,LED,國內設備商,41.0,86.5,10.0,86.5,SUS420,41.0,0.0,42.0,SUS304,286.0,4018.0
104,4.0,4167.0,B,X,X,C,N,R,漢辰,SEMI,國內設備商,266.0,411.0,179.3,411.0,AL6061,266.0,0.0,316.3,AL6061,3054.0,67788.0
105,1.0,375.0,B,B,S,C,N,R,聚昌,LED,國內設備商,41.0,86.5,10.0,86.5,SUS420,41.0,0.0,42.0,SUS304,286.0,4018.0
106,1.0,375.0,B,B,S,C,N,R,聚昌,LED,國內設備商,41.0,86.5,10.0,86.5,SUS420,41.0,0.0,42.0,SUS304,286.0,4018.0
107,1.0,375.0,B,B,S,C,N,R,UMC 8AB,SEMI,國內終端,41.0,86.5,10.0,86.5,SUS420,41.0,0.0,42.0,SUS304,286.0,4018.0
108,1.0,30.0,X,X,S,C,N,R,艾美瑞,DISPLAY,國外代理商,142.0,172.0,57.0,172.0,SUS420,142.0,0.0,77.5,SUS304,686.0,17743.0
109,1.0,30.0,X,X,S,C,M,R,艾美瑞,DISPLAY,國外代理商,142.0,302.0,54.9,302.0,SUS420,142.0,0.0,165.0,SUS304,779.0,21921.0
110,1.0,30.0,X,X,S,W,M,R,艾美瑞,DISPLAY,國外代理商,142.0,262.0,50.0,262.0,SUS420,142.0,0.0,171.0,SUS304,402.0,25537.0
111,1.0,30.0,X,X,S,W,M,R,艾美瑞,DISPLAY,國外代理商,142.0,392.0,50.0,392.0,SUS420,142.0,0.0,261.0,SUS304,456.0,34619.0
112,2.0,1000.0,B,X,X,C,M,N,奈司特,SEMI,國內代理商,119.45,115.7,46.15,108.4,SUS420,119.45,0.0,109.3,SUS304,2159.0,20684.0
113,1.0,40.0,A,X,H,C,N,N,準鑫,OTHERS,國內設備商,165.0,126.0,55.0,126.0,SUS420,165.0,0.0,112.5,SUS304,0.0,0.0
114,1.0,1000.0,B,X,X,C,M,N,亞太竑,INDUSTRIAL,國內代理商,119.45,115.7,46.15,108.4,SUS420,119.45,0.0,109.3,SUS304,2159.0,20684.0
115,2.0,625.0,X,X,S,A,N,H,UMC 8C,SEMI,國內終端,76.2,204.0,44.0,204.0,SUS420,76.2,0.0,87.5,AL6061,934.0,20717.0
116,2.0,625.0,X,X,S,A,N,H,UMC 8C,SEMI,國內終端,76.2,204.0,44.0,204.0,SUS420,76.2,0.0,87.5,AL6061,772.0,16786.0
117,1.0,20.0,A,F,S,C,N,R,巨孚,INDUSTRIAL,國內設備商,105.0,162.4,24.0,162.4,SUS420,105.0,0.0,92.4,SUS304,664.0,12513.0
118,2.0,375.0,B,B,S,C,N,R,聚昌,LED,國內設備商,41.0,86.5,10.0,86.5,SUS420,41.0,0.0,42.0,SUS304,286.0,4018.0
119,1.0,375.0,B,B,S,C,N,R,加高,OTHERS,國內終端,41.0,86.5,10.0,86.5,SUS420,41.0,0.0,42.0,SUS304,286.0,4018.0
120,2.0,375.0,B,B,S,C,N,R,聚昌,LED,國內設備商,41.0,86.5,10.0,86.5,SUS420,41.0,0.0,42.0,SUS304,286.0,4018.0
121,1.0,15.0,A,F,S,C,N,R,兆遠科技,LED,國內終端,94.0,125.5,15.0,125.5,SUS420,94.0,0.0,50.0,SUS304,1566.0,9842.0
122,4.0,30.0,D,X,S,C,M,N,亞智,DISPLAY,國外設備商,95.0,439.0,30.0,439.0,SUS420,75.0,0.0,64.0,SUS316,0.0,0.0
123,4.0,30.0,D,X,S,C,M,N,亞智,DISPLAY,國外設備商,95.0,479.0,30.0,479.0,SUS420,75.0,0.0,64.0,SUS316,0.0,0.0
124,4.0,20.0,A,F,S,C,N,R,巨孚,INDUSTRIAL,國內設備商,105.0,162.4,24.0,162.4,SUS420,105.0,0.0,92.4,SUS304,664.0,12513.0
125,1.0,1000.0,B,C,M,C,N,R,KJLC,OTHERS,國外代理商,66.61,84.81,33.0,84.81,SUS420,66.61,0.0,69.85,SUS304,0.0,0.0
126,1.0,20.0,A,F,S,C,N,R,亮傑,SEMI,國內設備商,105.0,162.4,24.0,162.4,SUS420,105.0,0.0,92.4,SUS304,664.0,12513.0
127,1.0,105.0,X,X,S,W,N,H,新唐,SEMI,國內終端,226.1,280.8,193.05,280.8,SUS420,226.1,0.0,148.65,AL6061,2888.0,107525.0
128,2.0,375.0,B,B,S,C,N,R,加高,OTHERS,國內終端,41.0,86.5,10.0,86.5,SUS420,41.0,0.0,42.0,SUS304,286.0,4018.0
129,1.0,375.0,B,B,S,C,N,R,UMC 8AB,SEMI,國內終端,41.0,86.5,10.0,86.5,SUS420,41.0,0.0,42.0,SUS304,286.0,4018.0
130,1.0,625.0,X,X,S,A,N,H,UMC 8C,SEMI,國內終端,76.2,204.0,44.0,204.0,SUS420,76.2,0.0,87.5,AL6061,934.0,20717.0
131,1.0,375.0,B,X,S,C,N,R,KJLC,OTHERS,國外代理商,69.74,161.93,10.0,161.93,SUS420,69.47,0.0,82.55,AL6061,955.0,9556.0
132,1.0,375.0,B,X,S,C,N,R,KJLC,OTHERS,國外代理商,69.74,161.93,10.0,161.93,SUS420,69.47,0.0,82.55,AL6061,955.0,9556.0
133,2.0,20.0,X,X,S,W,M,R,新唐,SEMI,國內終端,105.0,136.0,29.0,136.0,SUS420,105.0,0.0,87.85,SUS304,884.0,13671.0
134,2.0,38.0,A,F,M,C,N,R,中研院,OTHERS,國內終端,116.0,112.0,50.0,89.0,SUS420,116.0,0.0,74.5,SUS304,0.0,0.0
135,2.0,38.0,A,F,M,C,N,R,中研院,OTHERS,國內終端,116.0,112.0,50.0,89.0,SUS420,116.0,0.0,74.5,SUS304,1274.0,20596.0
138,1.0,625.0,X,X,S,A,N,H,UMC 8C,SEMI,國內終端,76.2,204.0,44.0,204.0,SUS420,76.2,0.0,87.5,AL6061,934.0,20717.0
139,1.0,625.0,X,X,S,A,N,H,UMC 8C,SEMI,國內終端,76.2,204.0,44.0,204.0,SUS420,76.2,0.0,87.5,AL6061,772.0,16786.0
140,6.0,4167.0,B,X,X,C,N,R,漢辰,SEMI,國內設備商,266.0,411.0,179.3,411.0,AL6061,266.0,0.0,316.3,AL6061,3054.0,67788.0
141,2.0,1000.0,B,C,M,C,N,R,KJLC,OTHERS,國外代理商,66.61,84.81,33.0,84.81,SUS420,66.61,0.0,69.85,SUS304,882.0,10136.0
142,2.0,10.0,A,F,S,C,N,R,鋒鑫,OTHERS,國內設備商,80.0,119.5,12.0,119.5,SUS420,80.0,0.0,69.5,SUS304,372.0,4498.0
143,1.0,35.0,X,X,S,W,N,R,漢磊-3,SEMI,國內終端,133.5,174.7,40.0,174.7,SUS420,133.5,0.0,95.1,SUS304,0.0,0.0
144,1.0,375.0,B,B,S,C,N,R,聚昌,LED,國內設備商,41.0,86.5,10.0,86.5,SUS420,41.0,0.0,42.0,SUS304,286.0,4018.0
145,1.0,625.0,X,X,S,A,N,H,UMC 8S,SEMI,國內終端,76.2,204.0,44.0,204.0,SUS420,76.2,0.0,87.5,AL6061,934.0,20717.0
146,1.0,625.0,X,X,S,A,N,H,UMC 8S,SEMI,國內終端,76.2,204.0,44.0,204.0,SUS420,76.2,0.0,87.5,AL6061,772.0,16786.0
147,1.0,375.0,B,B,S,C,N,R,聚昌,LED,國內設備商,41.0,86.5,10.0,86.5,SUS420,41.0,0.0,42.0,SUS304,286.0,4018.0
148,4.0,30.0,D,X,S,C,M,N,亞智,DISPLAY,國外設備商,95.0,439.0,30.0,439.0,SUS420,75.0,0.0,64.0,SUS316,0.0,0.0
149,4.0,30.0,D,X,S,C,M,N,亞智,DISPLAY,國外設備商,95.0,479.0,30.0,479.0,SUS420,75.0,0.0,64.0,SUS316,0.0,0.0
150,1.0,375.0,B,B,S,C,N,R,聚昌,LED,國內設備商,41.0,86.5,10.0,86.5,SUS420,41.0,0.0,42.0,SUS304,286.0,4018.0
151,16.0,15.0,A,F,S,C,N,N,聚訊實業,PV,國外代理商,87.0,251.5,25.0,251.5,SUS420,87.0,0.0,104.5,SUS316,258.0,9277.0
152,6.0,15.0,A,F,S,C,N,N,聚訊實業,PV,國外代理商,87.0,368.5,25.0,368.5,SUS420,87.0,0.0,104.5,SUS316,612.0,9277.0
153,6.0,30.0,D,X,S,W,M,R,AUOL6A,DISPLAY,國內終端,138.0,257.5,54.9,231.0,SUS420,138.0,0.0,127.0,SUS304,0.0,0.0
154,1.0,625.0,X,X,S,A,N,H,UMC 8C,SEMI,國內終端,76.2,204.0,44.0,204.0,SUS420,76.2,0.0,87.5,AL6061,934.0,20717.0
155,1.0,625.0,X,X,S,A,N,H,UMC 8C,SEMI,國內終端,76.2,204.0,44.0,204.0,SUS420,76.2,0.0,87.5,AL6061,772.0,16786.0
156,16.0,15.0,A,F,S,C,N,N,聚訊實業,PV,國外代理商,87.0,251.5,25.0,251.5,SUS420,87.0,0.0,104.5,SUS316,258.0,9277.0
157,6.0,15.0,A,F,S,C,N,N,聚訊實業,PV,國外代理商,87.0,368.5,25.0,368.5,SUS420,87.0,0.0,104.5,SUS316,612.0,9277.0
158,2.0,375.0,B,B,S,C,N,R,聚昌,LED,國內設備商,41.0,86.5,10.0,86.5,SUS420,41.0,0.0,42.0,SUS304,286.0,4018.0
159,10.0,2000.0,B,C,M,C,N,R,KJLC,OTHERS,國外代理商,95.19,100.7,60.5,100.7,SUS420,95.19,0.0,82.6,SUS304,412.0,10261.0
160,3.0,375.0,B,B,S,C,N,R,聚昌,LED,國內設備商,41.0,86.5,10.0,86.5,SUS420,41.0,0.0,42.0,SUS304,286.0,4018.0
161,2.0,1000.0,B,X,X,C,M,N,奈司特,SEMI,國內代理商,119.45,115.7,46.15,108.4,SUS420,119.45,0.0,109.3,SUS304,2159.0,20684.0
162,2.0,375.0,B,B,S,C,N,R,聚昌,LED,國內設備商,41.0,86.5,10.0,86.5,SUS420,41.0,0.0,42.0,SUS304,286.0,4018.0
163,1.0,15.0,A,F,S,C,N,R,兆遠科技,LED,國內終端,94.0,125.5,15.0,125.5,SUS420,94.0,0.0,50.0,SUS304,1566.0,9842.0
166,2.0,4.0,X,X,S,C,N,R,漢磊-3,SEMI,國內終端,38.0,55.0,7.0,55.0,SUS420,38.0,0.0,35.0,SUS304,0.0,0.0
167,1.0,625.0,X,X,S,A,N,H,UMC 8C,SEMI,國內終端,76.2,204.0,44.0,204.0,SUS420,76.2,0.0,87.5,AL6061,934.0,20717.0
168,1.0,625.0,X,X,S,A,N,H,UMC 8C,SEMI,國內終端,76.2,204.0,44.0,204.0,SUS420,76.2,0.0,87.5,AL6061,772.0,16786.0
169,1.0,30.0,X,X,S,W,M,R,AUOL6A,DISPLAY,國內終端,138.0,231.0,54.9,231.0,SUS420,138.0,0.0,127.0,SUS304,0.0,0.0
170,1.0,50.0,A,F,M,C,N,R,工研院南院,OTHERS,國內終端,160.0,98.0,65.0,98.0,SUS420,160.0,0.0,82.0,SUS304,1368.0,31792.0
171,1.0,75.0,A,F,M,C,N,R,工研院南院,OTHERS,國內終端,210.0,115.0,90.0,115.0,SUS420,210.0,0.0,96.0,SUS304,1176.0,31769.0
172,2.0,20.0,A,F,M,C,N,R,工研院南院,OTHERS,國內終端,105.0,82.5,30.0,83.5,SUS420,105.0,0.0,68.5,SUS304,861.0,18189.0
173,4.0,25.0,A,F,M,C,N,R,工研院南院,OTHERS,國內終端,115.0,89.0,35.0,89.0,SUS420,115.0,0.0,74.0,SUS304,0.0,0.0
174,2.0,12.0,A,N,S,C,N,R,工研院南院,OTHERS,國內終端,48.0,179.0,15.0,179.0,SUS420,48.0,0.0,109.0,SUS304,0.0,0.0
175,4.0,10.0,A,F,S,C,N,R,工研院南院,OTHERS,國內終端,80.0,119.5,12.0,119.5,SUS420,80.0,0.0,69.5,SUS304,0.0,0.0
176,20.0,2000.0,B,C,M,C,N,R,KJLC,OTHERS,國外代理商,95.19,100.7,60.5,100.7,SUS420,95.19,0.0,82.6,SUS304,412.0,10261.0
177,1.0,625.0,B,X,S,A,N,H,UMC 8C,SEMI,國內終端,76.2,204.0,44.0,204.0,SUS420,76.2,0.0,87.5,AL6061,1212.0,18411.0
178,1.0,625.0,B,X,S,A,N,H,UMC 8C,SEMI,國內終端,76.2,204.0,44.0,204.0,SUS420,76.2,0.0,87.5,AL6061,1314.0,21940.0
179,1.0,375.0,B,B,S,C,N,R,聚昌,LED,國內設備商,41.0,86.5,10.0,86.5,SUS420,41.0,0.0,42.0,SUS304,286.0,4018.0
180,1.0,25.0,A,F,M,W,N,H,承鋐儀器,OTHERS,國內設備商,120.0,92.0,35.0,92.0,SUS420,120.0,0.0,78.0,SUS304,0.0,0.0
181,2.0,40.0,A,X,S,W,N,R,AMAT,DISPLAY,國內設備商,170.0,216.0,70.0,216.0,SUS420,170.0,0.0,102.0,SUS304,1022.0,26959.0
182,3.0,10.0,A,B,S,C,N,R,聚昌,LED,國內設備商,42.0,298.8,10.0,298.8,SUS420,42.0,0.0,197.0,SUS304,1227.0,10193.0
183,1.0,30.0,A,F,X,C,N,R,日揚,SEMI,國內代理商,105.0,138.0,48.0,138.0,SUS420+SUS304,105.0,0.0,68.5,SUS304,0.0,0.0
184,1.0,20.0,A,C,H,C,N,R,亮傑,SEMI,國內設備商,58.0,68.5,30.0,68.5,SUS420,58.0,0.0,68.5,SUS304,0.0,0.0
185,2.0,20.0,A,F,S,C,N,R,日揚,SEMI,國內代理商,114.0,134.0,25.0,134.0,SUS420,114.0,0.0,62.0,SUS304,0.0,0.0
186,2.0,40.0,A,X,S,W,N,R,AMAT,DISPLAY,國內設備商,170.0,271.0,70.0,271.0,SUS420,170.0,0.0,157.0,SUS304,950.0,34104.0
187,4.0,40.0,A,X,S,C,N,R,AMAT,DISPLAY,國內設備商,170.0,241.0,70.0,241.0,SUS420,170.0,0.0,127.0,SUS304,1070.0,26935.0
188,1.0,187.0,B,X,S,C,N,R,D&E,OTHERS,國外代理商,25.3,106.15,4.76,106.15,SUS420,25.3,0.0,36.65,SUS304,0.0,0.0
189,1.0,1000.0,B,X,X,C,M,N,北緯,SEMI,國內設備商,119.45,115.7,46.15,108.4,SUS420,119.45,0.0,109.3,SUS304,2159.0,20684.0
190,1.0,1000.0,B,X,X,C,M,N,北緯,SEMI,國內設備商,119.45,115.7,46.15,108.4,SUS420,119.45,0.0,109.3,SUS304,2159.0,20684.0
191,2.0,375.0,B,B,S,C,N,R,聚昌,LED,國內設備商,41.0,86.5,10.0,86.5,SUS420,41.0,0.0,42.0,SUS304,286.0,4018.0
192,1.0,375.0,B,X,S,C,N,R,KJLC,OTHERS,國外代理商,69.74,161.93,10.0,161.93,SUS420,69.47,0.0,82.55,AL6061,955.0,9556.0
193,1.0,10.0,X,B,S,C,N,R,聚昌,LED,國內設備商,42.0,158.8,10.0,158.8,SUS420,42.0,0.0,100.2,SUS304,814.0,8885.0
194,2.0,4167.0,B,X,X,C,N,R,漢辰,SEMI,國內設備商,266.0,411.0,179.3,411.0,AL6061,266.0,0.0,316.3,AL6061,3054.0,67788.0
196,1.0,250.0,B,G,S,C,N,R,清大,OTHERS,國內終端,69.5,125.0,10.0,125.0,SUS420,69.5,0.0,65.0,SUS304,0.0,0.0
197,1.0,4167.0,B,X,X,C,N,R,漢辰,SEMI,國內設備商,266.0,411.0,179.3,411.0,AL6061,266.0,0.0,316.3,AL6061,3054.0,67788.0
198,1.0,20.0,A,X,S,W,B,R,力鼎精密,SEMI,國內設備商,170.0,423.0,25.0,423.0,SUS420,170.0,0.0,104.5,SUS304,949.0,29000.0
199,1.0,20.0,A,X,S,W,B,R,力鼎精密,SEMI,國內設備商,170.0,423.0,25.0,423.0,SUS420,170.0,0.0,104.5,SUS304,949.0,29000.0
200,1.0,375.0,B,B,S,C,N,R,聚昌,LED,國內設備商,41.0,86.5,10.0,86.5,SUS420,41.0,0.0,42.0,SUS304,286.0,4018.0
201,2.0,20.0,X,X,S,W,M,R,新唐,SEMI,國內終端,105.0,136.0,29.0,136.0,SUS420,105.0,0.0,87.85,SUS304,884.0,13671.0
202,1.0,375.0,B,B,S,C,N,R,聚昌,LED,國內設備商,41.0,86.5,10.0,86.5,SUS420,41.0,0.0,42.0,SUS304,286.0,4018.0
203,1.0,10.0,X,B,S,C,N,R,聚昌,LED,國內設備商,42.0,158.8,10.0,158.8,SUS420,42.0,0.0,100.2,SUS304,814.0,8885.0
204,1.0,10.0,X,B,S,C,N,R,聚昌,LED,國內設備商,42.0,158.8,10.0,158.8,SUS420,42.0,0.0,100.2,SUS304,814.0,8885.0
205,5.0,4167.0,B,X,X,C,N,R,漢辰,SEMI,國內設備商,266.0,411.0,179.3,411.0,AL6061,266.0,0.0,316.3,AL6061,3054.0,67788.0
206,1.0,625.0,X,X,S,A,N,H,UMC 8AB,SEMI,國內終端,76.2,204.0,44.0,204.0,SUS420,76.2,0.0,87.5,AL6061,772.0,16786.0
207,1.0,40.0,A,X,S,W,N,R,AMAT,DISPLAY,國內設備商,170.0,271.0,70.0,271.0,SUS420,170.0,0.0,157.0,SUS304,950.0,34104.0
208,1.0,40.0,A,X,S,C,N,R,AMAT,DISPLAY,國內設備商,170.0,241.0,70.0,241.0,SUS420,170.0,0.0,127.0,SUS304,1070.0,26935.0
209,1.0,40.0,A,X,S,W,N,R,AMAT,DISPLAY,國內設備商,170.0,216.0,70.0,216.0,SUS420,170.0,0.0,102.0,SUS304,1022.0,26959.0
210,1.0,1500.0,B,C,H,C,N,N,漢辰,SEMI,國內設備商,75.0,90.0,50.0,90.0,SUS420,75.0,0.0,90.0,SUS304,746.0,16127.0
211,1.0,375.0,B,B,S,C,N,R,聚昌,LED,國內設備商,41.0,86.5,10.0,86.5,SUS420,41.0,0.0,42.0,SUS304,286.0,4018.0
212,1.0,10.0,A,F,M,W,N,N,承德,OTHERS,國內終端,90.0,79.0,17.0,79.0,SUS420,90.0,0.0,64.0,SUS304,0.0,0.0
213,1.0,35.0,X,X,S,W,N,R,漢磊二廠,SEMI,國內終端,133.5,174.7,40.0,174.7,SUS420,133.5,0.0,95.1,SUS304,0.0,0.0
214,4.0,40.0,A,X,H,C,N,N,準鑫,OTHERS,國內設備商,165.0,126.0,55.0,126.0,SUS420,165.0,0.0,112.5,SUS304,0.0,0.0
215,1.0,375.0,B,B,S,C,N,R,聚昌,LED,國內設備商,41.0,86.5,10.0,86.5,SUS420,41.0,0.0,42.0,SUS304,286.0,4018.0
216,1.0,375.0,B,B,S,C,N,R,亮傑,SEMI,國內設備商,41.0,86.5,10.0,86.5,SUS420,41.0,0.0,42.0,SUS304,286.0,4018.0
217,2.0,30.0,X,X,S,C,N,R,AUOL6A,DISPLAY,國內終端,122.0,147.0,35.0,147.0,SUS420,122.0,0.0,71.0,SUS304,1309.0,13775.0
218,40.0,2000.0,B,C,M,C,N,R,KJLC,OTHERS,國外代理商,95.19,100.7,60.5,100.7,SUS420,95.19,0.0,82.6,SUS304,412.0,10261.0
219,1.0,625.0,B,X,S,A,N,H,UMC 8C,SEMI,國內終端,76.2,204.0,44.0,204.0,SUS420,76.2,0.0,87.5,AL6061,1212.0,18411.0
220,1.0,625.0,B,X,S,A,N,H,UMC 8C,SEMI,國內終端,76.2,204.0,44.0,204.0,SUS420,76.2,0.0,87.5,AL6061,1314.0,21940.0
221,7.0,4167.0,B,X,X,C,N,R,漢辰,SEMI,國內設備商,266.0,411.0,179.3,411.0,AL6061,266.0,0.0,316.3,AL6061,3054.0,67788.0
222,1.0,250.0,B,B,S,C,N,R,KJLC,OTHERS,國外代理商,41.28,87.3,10.0,87.3,SUS420,41.28,0.0,49.02,SUS304,0.0,0.0
223,1.0,375.0,B,B,S,C,N,R,聚昌,LED,國內設備商,41.0,86.5,10.0,86.5,SUS420,41.0,0.0,42.0,SUS304,286.0,4018.0
224,8.0,30.0,X,X,S,W,M,R,凌巨,DISPLAY,國內終端,128.0,180.5,54.9,180.5,SUS420,128.0,0.0,121.0,SUS304,455.0,16083.0
225,2.0,30.0,X,X,S,W,N,R,凌巨,DISPLAY,國內終端,191.85,139.5,56.0,88.5,SUS420,191.85,0.0,95.0,SUS304,1212.0,33312.0
226,5.0,375.0,B,B,S,C,N,R,聚昌,LED,國內設備商,41.0,86.5,10.0,86.5,SUS420,41.0,0.0,42.0,SUS304,286.0,4018.0
227,1.0,4167.0,B,X,X,C,N,R,漢辰,SEMI,國內設備商,266.0,411.0,179.3,411.0,AL6061,266.0,0.0,316.3,AL6061,3054.0,67788.0
228,2.0,375.0,B,B,S,C,N,R,聚昌,LED,國內設備商,41.0,86.5,10.0,86.5,SUS420,41.0,0.0,42.0,SUS304,286.0,4018.0
229,2.0,20.0,A,F,S,C,N,R,普鍍,OTHERS,國內終端,105.0,151.5,25.0,151.5,SUS420,105.0,0.0,81.5,SUS304,1347.0,9997.0
230,3.0,375.0,B,B,S,C,N,R,亮傑,SEMI,國內設備商,41.0,86.5,10.0,86.5,SUS420,41.0,0.0,42.0,SUS304,286.0,4018.0
231,10.0,1000.0,B,C,M,C,N,R,KJLC,OTHERS,國外代理商,66.61,84.81,33.0,84.81,SUS420,66.61,0.0,69.85,SUS304,882.0,10136.0
232,4.0,1000.0,B,X,X,C,M,N,奈司特,SEMI,國內代理商,119.45,115.7,46.15,108.4,SUS420,119.45,0.0,109.3,SUS304,2159.0,20684.0
233,2.0,6.0,A,K,S,C,N,R,日揚,SEMI,國內代理商,30.0,128.45,9.0,128.45,SUS420,30.0,0.0,44.45,SUS304,924.0,16267.0
234,3.0,375.0,B,B,S,C,N,R,聚昌,LED,國內設備商,41.0,86.5,10.0,86.5,SUS420,41.0,0.0,42.0,SUS304,286.0,4018.0
235,5.0,4167.0,B,X,X,C,N,R,漢辰,SEMI,國內設備商,266.0,411.0,179.3,411.0,AL6061,266.0,0.0,316.3,AL6061,3054.0,67788.0
237,2.0,40.0,A,F,M,W,N,R,漢民,SEMI,國內設備商,135.0,120.0,50.0,120.0,SUS420,135.0,0.0,102.0,SUS304,1137.0,22704.0
238,2.0,375.0,B,B,S,C,N,R,聚昌,LED,國內設備商,41.0,86.5,10.0,86.5,SUS420,41.0,0.0,42.0,SUS304,286.0,4018.0
239,2.0,20.0,X,X,S,W,M,R,新唐,SEMI,國內終端,105.0,136.0,29.0,136.0,SUS420,105.0,0.0,87.85,SUS304,884.0,13671.0
242,1.0,625.0,X,X,S,A,N,H,聯穎光電,LED,國內終端,76.2,204.0,44.0,204.0,SUS420,76.2,0.0,87.5,AL6061,772.0,16786.0
243,1.0,625.0,X,X,S,A,N,H,聯穎光電,LED,國內終端,76.2,204.0,44.0,204.0,SUS420,76.2,0.0,87.5,AL6061,934.0,20717.0
244,2.0,375.0,B,B,S,C,N,R,加高,OTHERS,國內終端,41.0,86.5,10.0,86.5,SUS420,41.0,0.0,42.0,SUS304,286.0,4018.0
245,1.0,20.0,X,X,S,W,M,R,新唐,SEMI,國內終端,105.0,136.0,29.0,136.0,SUS420,105.0,0.0,87.85,SUS304,884.0,13671.0
247,1.0,16.0,A,X,S,C,N,R,漢民,SEMI,國內設備商,74.0,319.5,20.0,319.5,SUS420,74.0,0.0,68.0,SUS304,1118.0,12216.0
248,1.0,40.0,A,F,M,W,N,R,漢民,SEMI,國內設備商,135.0,120.0,50.0,120.0,SUS420,135.0,0.0,102.0,SUS304,1137.0,22704.0
252,3.0,375.0,B,B,S,C,N,R,亮傑,SEMI,國內設備商,41.0,86.5,10.0,86.5,SUS420,41.0,0.0,42.0,SUS304,286.0,4018.0
253,2.0,1500.0,B,C,H,C,N,N,漢辰,SEMI,國內設備商,75.0,90.0,50.0,90.0,SUS420,75.0,0.0,90.0,SUS304,746.0,16127.0
254,10.0,250.0,B,B,S,C,N,R,KJLC,OTHERS,國外代理商,41.3,87.3,10.0,87.3,SUS420,41.3,0.0,49.0,SUS304,390.0,4800.0
255,2.0,375.0,B,G,S,C,N,R,KJLC,OTHERS,國外代理商,70.0,103.12,12.0,103.12,SUS420,70.0,0.0,65.02,SUS304,426.0,6540.0
256,5.0,4167.0,B,X,X,C,N,R,漢辰,SEMI,國內設備商,266.0,411.0,179.3,411.0,AL6061,266.0,0.0,316.3,AL6061,3054.0,67788.0
257,1.0,12.0,A,F,S,W,M,N,漢民,SEMI,國內設備商,64.0,134.0,19.0,134.0,SUS420,64.0,0.0,79.0,SUS304,0.0,0.0
258,1.0,16.0,A,X,S,C,N,R,漢民,SEMI,國內設備商,74.0,319.5,20.0,319.5,SUS420,74.0,0.0,68.0,SUS304,1118.0,12216.0
259,10.0,250.0,B,B,S,C,N,R,KJLC,OTHERS,國外代理商,41.3,87.3,10.0,87.3,SUS420,41.3,0.0,49.0,SUS304,390.0,4800.0
260,5.0,375.0,B,G,S,C,N,R,KJLC,OTHERS,國外代理商,70.0,103.12,12.0,103.12,SUS420,70.0,0.0,65.02,SUS304,426.0,6540.0
261,40.0,15.0,A,F,S,C,N,F,聚訊實業,PV,國外代理商,87.0,321.0,25.0,321.0,SUS420,87.0,0.0,104.5,SUS304,392.0,13010.0
262,1.0,30.0,X,X,S,W,M,R,INX-T1,DISPLAY,國內終端,138.0,231.0,54.9,231.0,SUS420,138.0,0.0,127.0,SUS304,763.0,16655.0
263,1.0,750.0,B,N,S,C,N,R,KJLC,OTHERS,國外代理商,72.9,223.825,20.0,223.82,SUS420,72.9,0.0,128.83,SUS304,485.0,12610.0
265,2.0,6.0,A,G,S,C,N,R,日揚,SEMI,國內代理商,34.0,102.0,6.35,102.0,SUS420,34.0,0.0,68.0,SUS304,0.0,0.0
266,2.0,20.0,X,X,S,W,M,R,新唐,SEMI,國內終端,105.0,136.0,29.0,136.0,SUS420,105.0,0.0,87.85,SUS304,884.0,13671.0
267,1.0,20.0,X,X,S,W,M,R,新唐,SEMI,國內終端,105.0,136.0,29.0,136.0,SUS420,105.0,0.0,87.85,SUS304,884.0,13671.0
268,1.0,625.0,B,X,S,A,N,H,UMC 8C,SEMI,國內終端,76.2,204.0,44.0,204.0,SUS420,76.2,0.0,87.5,AL6061,1212.0,18411.0
269,1.0,625.0,B,X,S,A,N,H,UMC 8C,SEMI,國內終端,76.2,204.0,44.0,204.0,SUS420,76.2,0.0,87.5,AL6061,1314.0,21940.0
270,2.0,375.0,B,B,S,C,N,R,加高,OTHERS,國內終端,41.0,86.5,10.0,86.5,SUS420,41.0,0.0,42.0,SUS304,286.0,4018.0
271,1.0,10.0,X,B,S,C,N,R,聚昌,LED,國內設備商,42.0,158.8,10.0,158.8,SUS420,42.0,0.0,100.2,SUS304,814.0,8885.0
272,1.0,12.0,A,F,S,W,M,N,漢民,SEMI,國內設備商,64.0,192.0,19.0,192.0,SUS420,64.0,0.0,79.0,SUS304,869.0,17981.0
273,1.0,105.0,X,X,S,W,N,H,新唐,SEMI,國內終端,226.1,280.8,193.05,280.8,SUS420,226.1,0.0,148.65,AL6061,2888.0,107525.0
274,1.0,10.0,X,B,S,C,N,R,聚昌,LED,國內設備商,42.0,158.8,10.0,158.8,SUS420,42.0,0.0,100.2,SUS304,814.0,8885.0
276,1.0,12.0,A,F,S,C,N,R,漢民,SEMI,國內設備商,74.0,84.0,33.0,84.0,SUS420,74.0,0.0,64.0,SUS304,989.0,13248.0
277,1.0,12.0,A,X,M,C,N,R,漢民,SEMI,國內設備商,74.0,295.0,16.0,295.0,SUS304,74.0,0.0,57.5,SUS304,0.0,0.0
278,1.0,16.0,A,X,S,C,N,R,漢民,SEMI,國內設備商,74.0,319.5,20.0,319.5,SUS420,74.0,0.0,68.0,SUS304,1118.0,12216.0
279,1.0,12.0,A,N,S,W,N,N,漢民,SEMI,國內設備商,48.0,211.0,15.0,211.0,SUS420,48.0,0.0,141.0,SUS304,794.0,13429.0
280,1.0,40.0,A,F,M,W,N,R,漢民,SEMI,國內設備商,135.0,120.0,50.0,120.0,SUS420,135.0,0.0,102.0,SUS304,1137.0,22704.0
281,6.0,4167.0,B,X,X,C,N,R,漢辰,SEMI,國內設備商,266.0,411.0,179.3,411.0,AL6061,266.0,0.0,316.3,AL6061,3054.0,67788.0
282,80.0,2000.0,B,C,M,C,N,R,KJLC,OTHERS,國外代理商,95.19,100.7,60.5,100.7,SUS420,95.19,0.0,82.6,SUS304,412.0,10261.0
283,2.0,1000.0,B,C,M,C,N,R,KJLC,OTHERS,國外代理商,66.61,84.81,33.0,84.81,SUS420,66.61,0.0,69.85,SUS304,882.0,10136.0
284,1.0,375.0,B,B,S,C,N,R,聚昌,LED,國內設備商,41.0,86.5,10.0,86.5,SUS420,41.0,0.0,42.0,SUS304,286.0,4018.0
285,9.0,12.0,A,F,S,W,N,R,鋆?,DISPLAY,國內設備商,90.0,173.5,15.0,173.5,SUS420,90.0,0.0,73.5,SUS304,0.0,0.0
286,5.0,20.0,A,F,M,C,N,R,鋆?,DISPLAY,國內設備商,105.0,82.5,30.0,83.5,SUS420,105.0,0.0,68.5,SUS304,861.0,18189.0
287,1.0,1000.0,B,C,M,C,N,R,KJLC,OTHERS,國外代理商,66.61,84.81,33.0,84.81,SUS420,66.61,0.0,69.85,SUS304,882.0,10136.0
288,2.0,375.0,B,B,S,C,N,R,加高,OTHERS,國內終端,41.0,86.5,10.0,86.5,SUS420,41.0,0.0,42.0,SUS304,286.0,4018.0
289,2.0,375.0,B,B,S,C,N,R,聚昌,LED,國內設備商,41.0,86.5,10.0,86.5,SUS420,41.0,0.0,42.0,SUS304,286.0,4018.0
290,1.0,1500.0,B,F,M,C,N,R,KJLC,OTHERS,國外代理商,177.8,94.3,50.0,94.3,SUS420,177.8,0.0,76.2,SUS304,552.0,29589.0
291,2.0,375.0,B,B,S,C,N,R,聚昌,LED,國內設備商,41.0,86.5,10.0,86.5,SUS420,41.0,0.0,42.0,SUS304,286.0,4018.0
292,2.0,750.0,B,N,S,W,N,R,KJLC,OTHERS,國外代理商,72.9,223.8,20.0,223.8,SUS420,72.9,0.0,128.8,SUS304,934.0,24464.0
293,3.0,1000.0,B,C,M,C,N,R,KJLC,OTHERS,國外代理商,66.61,84.81,33.0,84.81,SUS420,66.61,0.0,69.85,SUS304,882.0,10136.0
294,3.0,250.0,B,B,S,C,N,R,KJLC,OTHERS,國外代理商,41.3,87.3,10.0,87.3,SUS420,41.3,0.0,49.0,SUS304,806.0,6016.0
295,3.0,375.0,B,B,S,C,N,R,KJLC,OTHERS,國外代理商,41.1,117.5,10.0,117.5,SUS420,41.1,0.0,79.8,SUS304,594.0,5876.0
296,4.0,250.0,B,B,S,C,N,R,KJLC,OTHERS,國外代理商,53.8,100.8,10.0,100.8,SUS420,53.8,0.0,62.7,SUS304,530.0,6474.0
297,4.0,250.0,B,G,S,C,N,R,KJLC,OTHERS,國外代理商,69.3,103.1,10.0,103.1,SUS420,69.3,0.0,65.0,SUS304,523.0,6037.0
298,8.0,750.0,B,N,S,W,N,R,KJLC,OTHERS,國外代理商,72.9,223.8,20.0,223.8,SUS420,72.9,0.0,128.8,SUS304,934.0,24464.0
299,1.0,40.0,A,X,S,W,N,R,AMAT,DISPLAY,國內設備商,170.0,271.0,70.0,271.0,SUS420,170.0,0.0,157.0,SUS304,950.0,34104.0
300,1.0,40.0,A,X,S,W,N,R,AMAT,DISPLAY,國內設備商,170.0,216.0,70.0,216.0,SUS420,170.0,0.0,102.0,SUS304,1022.0,26959.0
301,1.0,40.0,A,X,S,C,N,R,AMAT,DISPLAY,國內設備商,170.0,241.0,70.0,241.0,SUS420,170.0,0.0,127.0,SUS304,1070.0,26935.0
302,2.0,750.0,B,F,M,C,N,R,KJLC,OTHERS,國外代理商,152.4,153.2,20.0,153.2,SUS420,152.4,0.0,90.5,SUS304,1064.0,15881.0
303,2.0,375.0,B,B,S,C,N,R,聚昌,LED,國內設備商,41.0,86.5,10.0,86.5,SUS420,41.0,0.0,42.0,SUS304,286.0,4018.0
304,1.0,10.0,A,F,S,C,N,R,凌嘉,DISPLAY,國內設備商,80.0,119.5,12.0,119.5,SUS420,80.0,0.0,69.5,SUS304,372.0,4498.0
305,2.0,1500.0,B,C,M,C,N,R,KJLC,OTHERS,國外代理商,82.5,94.3,50.0,94.3,SUS420,82.5,0.0,76.2,SUS304,1008.0,16772.0
306,2.0,1000.0,B,C,M,C,N,R,KJLC,OTHERS,國外代理商,66.61,84.81,33.0,84.81,SUS420,66.61,0.0,69.85,SUS304,882.0,10136.0
307,30.0,2000.0,B,C,M,C,N,R,KJLC,OTHERS,國外代理商,95.19,100.7,60.5,100.7,SUS420,95.19,0.0,82.6,SUS304,412.0,10261.0
308,2.0,20.0,A,F,S,C,N,R,海拓,OTHERS,國外設備商,105.0,162.4,24.0,162.4,SUS420,105.0,0.0,92.4,SUS304,664.0,12513.0
309,1.0,1500.0,B,C,H,C,N,N,漢辰,SEMI,國內設備商,75.0,90.0,50.0,90.0,SUS420,75.0,0.0,90.0,SUS304,746.0,16127.0
310,2.0,375.0,B,B,S,C,N,R,聚昌,LED,國內設備商,41.0,86.5,10.0,86.5,SUS420,41.0,0.0,42.0,SUS304,286.0,4018.0
311,2.0,1000.0,B,C,M,C,N,R,KJLC,OTHERS,國外代理商,66.61,84.81,33.0,84.81,SUS420,66.61,0.0,69.85,SUS304,882.0,10136.0
312,2.0,20.0,A,F,S,C,N,R,漢民,SEMI,國內設備商,105.0,151.5,25.0,151.5,SUS420,105.0,0.0,81.5,SUS304,1347.0,9997.0
313,2.0,1000.0,B,X,X,C,M,N,奈司特,SEMI,國內代理商,119.45,115.7,46.15,108.4,SUS420,119.45,0.0,109.3,SUS304,2159.0,20684.0
314,5.0,250.0,B,B,S,C,N,R,KJLC,OTHERS,國外代理商,41.3,87.3,10.0,87.3,SUS420,41.3,0.0,49.0,SUS304,390.0,4800.0
315,1.0,375.0,B,B,S,C,N,R,聚昌,LED,國內設備商,41.0,86.5,10.0,86.5,SUS420,41.0,0.0,42.0,SUS304,286.0,4018.0
316,2.0,375.0,B,B,S,C,N,R,聚昌,LED,國內設備商,41.0,86.5,10.0,86.5,SUS420,41.0,0.0,42.0,SUS304,286.0,4018.0
317,1.0,12.0,A,F,S,C,N,R,漢民,SEMI,國內設備商,74.0,84.0,33.0,84.0,SUS420,74.0,0.0,64.0,SUS304,989.0,13248.0
318,2.0,375.0,B,B,S,C,N,R,KJLC,OTHERS,國外代理商,38.1,86.106,10.0,86.106,SUS420,38.1,0.0,41.91,SUS304,868.0,7543.0
319,2.0,1000.0,B,C,M,C,N,R,KJLC,OTHERS,國外代理商,66.61,84.81,33.0,84.81,SUS420,66.61,0.0,69.85,SUS304,882.0,10136.0
320,20.0,250.0,B,B,S,C,N,R,KJLC,OTHERS,國外代理商,41.3,87.3,10.0,87.3,SUS420,41.3,0.0,49.0,SUS304,390.0,4800.0
321,2.0,20.0,A,F,M,C,N,R,亮傑,SEMI,國內設備商,105.0,82.5,30.0,83.5,SUS420,105.0,0.0,68.5,SUS304,861.0,18189.0
322,1.0,40.0,A,F,M,W,N,R,漢民,SEMI,國內設備商,135.0,120.0,50.0,120.0,SUS420,135.0,0.0,102.0,SUS304,1137.0,22704.0
323,4.0,20.0,A,F,S,C,N,R,CEAC,INDUSTRIAL,國外代理商,105.0,162.4,24.0,162.4,SUS420,105.0,0.0,92.4,SUS304,664.0,12513.0
324,3.0,375.0,B,B,S,C,N,R,KJLC,OTHERS,國外代理商,38.1,86.106,10.0,86.106,SUS420,38.1,0.0,41.91,SUS304,868.0,7543.0
325,4.0,4167.0,B,X,X,C,N,R,漢辰,SEMI,國內設備商,266.0,411.0,179.3,411.0,AL6061,266.0,0.0,316.3,AL6061,3054.0,67788.0
326,1.0,100.0,A,X,R,W,X,Z,南亞塑膠,DISPLAY,國內終端,457.9,225.5,279.7,72.0,SUS304,457.9,0.0,108.0,SUS304,4512.0,974782.0
327,1.0,375.0,B,B,S,C,N,R,和艦,SEMI,國外終端,41.0,86.5,10.0,86.5,SUS420,41.0,0.0,42.0,SUS304,286.0,4018.0
328,3.0,1000.0,B,F,M,C,N,R,KJLC,OTHERS,國外代理商,177.8,84.8,35.0,84.8,SUS420,177.8,0.0,69.9,SUS304,1188.0,26238.0
329,6.0,375.0,B,B,S,C,N,R,KJLC,OTHERS,國外代理商,38.1,86.106,10.0,86.106,SUS420,38.1,0.0,41.91,SUS304,868.0,7543.0
330,2.0,375.0,B,G,S,W,N,R,KJLC,OTHERS,國外代理商,69.3,115.8,10.0,115.8,SUS420,69.3,0.0,77.7,SUS304,659.0,8102.0
331,2.0,1500.0,B,F,M,C,N,R,KJLC,OTHERS,國外代理商,177.8,94.3,50.0,94.3,SUS420,177.8,0.0,76.2,SUS304,552.0,29589.0
332,21.0,375.0,B,G,S,C,N,R,KJLC,OTHERS,國外代理商,70.0,103.12,12.0,103.12,SUS420,70.0,0.0,65.02,SUS304,426.0,6540.0
333,4.0,1500.0,B,C,M,C,N,R,KJLC,OTHERS,國外代理商,82.5,94.3,50.0,94.3,SUS420,82.5,0.0,76.2,SUS304,1008.0,16772.0
334,4.0,1000.0,B,C,M,C,N,R,KJLC,OTHERS,國外代理商,66.61,84.81,33.0,84.81,SUS420,66.61,0.0,69.85,SUS304,882.0,10136.0
335,10.0,20.0,A,F,S,C,N,R,KJLC,OTHERS,國外代理商,105.0,151.5,25.0,151.5,SUS420,105.0,0.0,81.5,SUS304,646.0,7955.0
336,1.0,50.0,A,F,M,W,N,R,巨孚,INDUSTRIAL,國內設備商,160.0,102.0,60.0,102.0,SUS420,160.0,0.0,85.0,SUS304,1314.0,49338.0
337,1.0,76.0,A,X,X,W,M,R,柏燈,LED,國內設備商,203.0,285.48,107.1,275.75,SUS420,203.0,0.0,275.4,SUS304,4036.0,159393.0
338,4.0,250.0,B,G,S,C,N,R,KJLC,OTHERS,國外代理商,69.3,103.1,10.0,103.1,SUS420,69.3,0.0,65.0,SUS304,523.0,6037.0
339,20.0,2000.0,B,C,M,C,N,R,KJLC,OTHERS,國外代理商,95.19,100.7,60.5,100.7,SUS420,95.19,0.0,82.6,SUS304,412.0,10261.0
340,21.0,250.0,B,B,S,C,N,R,KJLC,OTHERS,國外代理商,41.3,87.3,10.0,87.3,SUS420,41.3,0.0,49.0,SUS304,390.0,4800.0
341,1.0,625.0,B,X,S,A,N,H,UMC 8C,SEMI,國內終端,76.2,204.0,44.0,204.0,SUS420,76.2,0.0,87.5,AL6061,1212.0,18411.0
342,1.0,625.0,B,X,S,A,N,H,UMC 8C,SEMI,國內終端,76.2,204.0,44.0,204.0,SUS420,76.2,0.0,87.5,AL6061,1314.0,21940.0
343,1.0,625.0,B,X,S,A,N,H,UMC 8C,SEMI,國內終端,76.2,204.0,44.0,204.0,SUS420,76.2,0.0,87.5,AL6061,1212.0,18411.0
344,1.0,625.0,B,X,S,A,N,H,UMC 8C,SEMI,國內終端,76.2,204.0,44.0,204.0,SUS420,76.2,0.0,87.5,AL6061,1314.0,21940.0
345,1.0,12.0,A,F,S,W,M,N,漢民,SEMI,國內設備商,64.0,192.0,19.0,192.0,SUS420,64.0,0.0,79.0,SUS304,869.0,17981.0
346,6.0,1000.0,B,C,M,C,N,R,KJLC,OTHERS,國外代理商,66.61,84.81,33.0,84.81,SUS420,66.61,0.0,69.85,SUS304,882.0,10136.0
347,6.0,1000.0,B,C,M,C,N,R,KJLC,OTHERS,國外代理商,66.61,84.81,33.0,84.81,SUS420,66.61,0.0,69.85,SUS304,882.0,10136.0
348,5.0,6.0,A,S,S,C,N,R,KJLC,OTHERS,國外代理商,21.0,76.5,7.0,76.5,SUS420,21.0,0.0,46.5,SUS304,496.0,7755.0
349,3.0,500.0,B,N,S,W,N,R,KJLC,OTHERS,國外代理商,72.9,223.8,15.0,223.8,SUS420,72.9,0.0,128.8,SUS304,633.0,18041.0
350,2.0,75.0,A,F,M,C,N,R,工研院南院,OTHERS,國內終端,210.0,115.0,90.0,115.0,SUS420,210.0,0.0,96.0,SUS304,1176.0,31769.0
351,1.0,500.0,B,C,M,C,N,R,KJLC,OTHERS,國外代理商,50.8,81.7,20.0,71.7,SUS420,50.8,0.0,69.9,SUS304,1461.0,16690.0
352,3.0,4167.0,B,X,X,C,N,R,漢辰,SEMI,國內設備商,266.0,411.0,179.3,411.0,AL6061,266.0,0.0,316.3,AL6061,3054.0,67788.0
353,1.0,25.0,A,X,H,C,N,N,準鑫,OTHERS,國內設備商,125.0,101.0,54.0,101.0,SUS420,125.0,0.0,85.0,SUS304,736.0,29538.0
354,1.0,25.0,D,X,H,C,N,N,準鑫,OTHERS,國內設備商,125.0,101.0,54.0,101.0,SUS420,125.0,0.0,85.0,SUS304,858.0,30990.0
355,2.0,250.0,B,B,S,C,N,R,KJLC,OTHERS,國外代理商,41.3,87.3,10.0,87.3,SUS420,41.3,0.0,49.0,SUS304,390.0,4800.0
356,2.0,1000.0,B,C,M,C,N,R,KJLC,OTHERS,國外代理商,66.61,84.81,33.0,84.81,SUS420,66.61,0.0,69.85,SUS304,882.0,10136.0
357,2.0,12.0,A,K,S,C,M,R,KJLC,OTHERS,國外代理商,55.0,150.0,15.0,150.0,SUS420,55.0,0.0,86.0,SUS304,875.0,8652.0
358,2.0,375.0,B,G,S,W,N,R,KJLC,OTHERS,國外代理商,69.3,115.8,10.0,115.8,SUS420,69.3,0.0,77.7,SUS304,659.0,8102.0
359,1.0,750.0,B,F,M,C,N,R,KJLC,OTHERS,國外代理商,152.4,153.2,20.0,153.2,SUS420,152.4,0.0,90.5,SUS304,1064.0,15881.0
360,1.0,20.0,A,F,S,C,N,R,KJLC,OTHERS,國外代理商,105.0,151.5,25.0,151.5,SUS420,105.0,0.0,81.5,SUS304,646.0,7955.0
361,40.0,15.0,A,F,S,C,N,F,聚訊實業,PV,國外代理商,87.0,321.0,25.0,321.0,SUS420,87.0,0.0,104.5,SUS304,392.0,13010.0
362,1.0,70.0,A,X,H,C,N,R,INX-4,DISPLAY,國內終端,292.0,117.0,154.0,113.5,SUS420,292.0,0.0,81.2,SUS304,2873.0,109585.0
363,2.0,6.0,A,K,S,C,N,R,日揚,SEMI,國內代理商,30.0,128.45,9.0,128.45,SUS420,30.0,0.0,44.45,SUS304,924.0,16267.0
364,1.0,375.0,B,B,S,C,N,R,聚昌,LED,國內設備商,41.0,86.5,10.0,86.5,SUS420,41.0,0.0,42.0,SUS304,286.0,4018.0
365,7.0,20.0,A,F,S,C,N,R,KJLC,OTHERS,國外代理商,105.0,151.5,25.0,151.5,SUS420,105.0,0.0,81.5,SUS304,646.0,7955.0
366,1.0,20.0,X,X,S,W,M,R,新唐,SEMI,國內終端,105.0,136.0,29.0,136.0,SUS420,105.0,0.0,87.85,SUS304,884.0,13671.0
367,2.0,20.0,A,F,S,C,N,R,KJLC,OTHERS,國外代理商,105.0,151.5,25.0,151.5,SUS420,105.0,0.0,81.5,SUS304,646.0,7955.0
368,2.0,30.0,A,F,S,C,N,R,KJLC,OTHERS,國外代理商,180.0,273.0,35.0,273.0,SUS420,180.0,0.0,132.0,SUS304,1462.0,25740.0
369,10.0,1000.0,B,C,M,C,N,R,KJLC,OTHERS,國外代理商,66.61,84.81,33.0,84.81,SUS420,66.61,0.0,69.85,SUS304,882.0,10136.0
370,2.0,12.0,A,F,S,W,M,N,漢民,SEMI,國內設備商,64.0,192.0,19.0,192.0,SUS420,64.0,0.0,79.0,SUS304,869.0,17981.0
371,2.0,12.0,A,F,S,C,N,R,漢民,SEMI,國內設備商,74.0,84.0,33.0,84.0,SUS420,74.0,0.0,64.0,SUS304,989.0,13248.0
372,2.0,40.0,A,F,M,W,N,R,漢民,SEMI,國內設備商,135.0,120.0,50.0,120.0,SUS420,135.0,0.0,102.0,SUS304,1137.0,22704.0
373,2.0,1000.0,B,X,X,C,M,N,奈司特,SEMI,國內代理商,119.45,115.7,46.15,108.4,SUS420,119.45,0.0,109.3,SUS304,2159.0,20684.0
374,35.0,250.0,B,B,S,C,N,R,KJLC,OTHERS,國外代理商,41.3,87.3,10.0,87.3,SUS420,41.3,0.0,49.0,SUS304,390.0,4800.0
375,2.0,20.0,X,X,S,W,M,R,新唐,SEMI,國內終端,105.0,136.0,29.0,136.0,SUS420,105.0,0.0,87.85,SUS304,884.0,13671.0
376,2.0,20.0,X,X,S,W,M,R,新唐,SEMI,國內終端,105.0,136.0,29.0,136.0,SUS420,105.0,0.0,87.85,SUS304,884.0,13671.0
377,2.0,16.0,A,X,S,C,N,R,漢民,SEMI,國內設備商,74.0,319.5,20.0,319.5,SUS420,74.0,0.0,68.0,SUS304,1118.0,12216.0
378,2.0,4167.0,B,X,X,C,N,R,漢辰,SEMI,國內設備商,266.0,411.0,179.3,411.0,AL6061,266.0,0.0,316.3,AL6061,3054.0,67788.0
379,3.0,20.0,A,F,S,C,N,R,KJLC,OTHERS,國外代理商,105.0,151.5,25.0,151.5,SUS420,105.0,0.0,81.5,SUS304,646.0,7955.0
380,10.0,1000.0,B,C,M,C,N,R,KJLC,OTHERS,國外代理商,66.61,84.81,33.0,84.81,SUS420,66.61,0.0,69.85,SUS304,882.0,10136.0
381,14.0,10.0,A,F,S,C,N,R,凌嘉,DISPLAY,國內設備商,80.0,119.5,12.0,119.5,SUS420,80.0,0.0,69.5,SUS304,372.0,4498.0
382,1.0,50.0,A,F,M,C,N,R,工研院南院,OTHERS,國內終端,160.0,98.0,65.0,98.0,SUS420,160.0,0.0,82.0,SUS304,1368.0,31792.0
383,1.0,50.0,A,F,M,C,N,R,工研院南院,OTHERS,國內終端,160.0,98.0,65.0,98.0,SUS420,160.0,0.0,82.0,SUS304,1368.0,31792.0
384,5.0,750.0,B,N,S,C,N,R,KJLC,OTHERS,國外代理商,72.9,223.825,20.0,223.82,SUS420,72.9,0.0,128.83,SUS304,485.0,12610.0
385,20.0,2000.0,B,C,M,C,N,R,KJLC,OTHERS,國外代理商,95.19,100.7,60.5,100.7,SUS420,95.19,0.0,82.6,SUS304,412.0,10261.0
386,2.0,40.0,A,X,S,W,N,R,AMAT,DISPLAY,國內設備商,170.0,271.0,70.0,271.0,SUS420,170.0,0.0,157.0,SUS304,950.0,34104.0
387,2.0,40.0,A,X,S,W,N,R,AMAT,DISPLAY,國內設備商,170.0,216.0,70.0,216.0,SUS420,170.0,0.0,102.0,SUS304,1022.0,26959.0
388,1.0,375.0,B,B,S,C,N,R,聚昌,LED,國內設備商,41.0,86.5,10.0,86.5,SUS420,41.0,0.0,42.0,SUS304,286.0,4018.0
389,3.0,375.0,B,B,S,C,N,R,KJLC,OTHERS,國外代理商,38.1,86.106,10.0,86.106,SUS420,38.1,0.0,41.91,SUS304,868.0,7543.0
390,1.0,20.0,A,X,S,C,M,R,永喬,DISPLAY,國內代理商,126.0,160.9,30.0,160.9,SUS420,126.0,0.0,79.0,SUS304,1335.0,26807.0
391,1.0,20.0,A,F,S,C,M,R,永喬,DISPLAY,國內代理商,126.0,160.9,30.0,160.9,SUS420,126.0,0.0,81.0,SUS304,1478.0,21120.0
392,1.0,20.0,A,N,S,C,N,R,永喬,DISPLAY,國內代理商,65.0,259.0,30.0,259.0,SUS420,65.0,0.0,176.0,SUS304,1486.0,30584.0
393,1.0,4167.0,B,X,X,C,N,R,漢辰,SEMI,國內設備商,266.0,411.0,179.3,411.0,AL6061,266.0,0.0,316.3,AL6061,3054.0,67788.0
394,1.0,500.0,B,F,M,W,N,R,KJLC,OTHERS,國外代理商,152.4,84.96,23.0,84.96,SUS420,152.4,0.0,73.03,SUS304,1819.0,36528.0
395,20.0,2000.0,B,C,M,C,N,R,KJLC,OTHERS,國外代理商,95.19,100.7,60.5,100.7,SUS420,95.19,0.0,82.6,SUS304,412.0,10261.0
396,1.0,375.0,B,B,S,C,N,R,UMC 8AB,SEMI,國內終端,41.0,86.5,10.0,86.5,SUS420,41.0,0.0,42.0,SUS304,286.0,4018.0
397,2.0,1500.0,B,C,H,C,N,N,漢辰,SEMI,國內設備商,75.0,90.0,50.0,90.0,SUS420,75.0,0.0,90.0,SUS304,746.0,16127.0
398,1.0,10.0,X,B,S,C,N,R,聚昌,LED,國內設備商,42.0,158.8,10.0,158.8,SUS420,42.0,0.0,100.2,SUS304,814.0,8885.0
399,2.0,1500.0,B,C,H,C,N,N,漢辰,SEMI,國內設備商,75.0,90.0,50.0,90.0,SUS420,75.0,0.0,90.0,SUS304,746.0,16127.0
400,2.0,375.0,B,B,S,C,N,R,和艦,SEMI,國外終端,41.0,86.5,10.0,86.5,SUS420,41.0,0.0,42.0,SUS304,286.0,4018.0
401,5.0,750.0,B,N,S,C,N,R,KJLC,OTHERS,國外代理商,72.9,223.825,20.0,223.82,SUS420,72.9,0.0,128.83,SUS304,485.0,12610.0
402,1.0,1500.0,B,G,M,C,N,R,KJLC,OTHERS,國外代理商,118.0,94.3,50.0,94.3,SUS420,118.0,0.0,76.2,SUS304,1104.0,40430.0
403,2.0,20.0,A,F,S,C,N,R,巨孚,INDUSTRIAL,國內設備商,105.0,162.4,24.0,162.4,SUS420,105.0,0.0,92.4,SUS304,664.0,12513.0
406,2.0,26.0,D,F,H,C,N,R,準鑫,OTHERS,國內設備商,165.0,126.0,50.0,126.0,SUS420,165.0,0.0,112.5,SUS304,1333.0,54458.0
407,1.0,375.0,B,B,S,C,N,R,加高,OTHERS,國內終端,41.0,86.5,10.0,86.5,SUS420,41.0,0.0,42.0,SUS304,286.0,4018.0
408,12.0,5.0,A,F,S,C,N,R,KJLC,OTHERS,國外代理商,36.0,62.0,6.0,62.0,SUS420,36.0,0.0,32.0,SUS304,407.0,9531.0
409,1.0,375.0,B,B,S,C,N,R,亮傑,SEMI,國內設備商,41.0,86.5,10.0,86.5,SUS420,41.0,0.0,42.0,SUS304,286.0,4018.0
410,3.0,6.0,A,S,S,C,N,R,亮傑,SEMI,國內設備商,21.0,76.5,6.0,76.5,SUS420,21.0,0.0,46.5,SUS304,1502.0,9463.0
411,1.0,20.0,A,X,S,W,B,R,力鼎精密,SEMI,國內設備商,170.0,423.0,25.0,423.0,SUS420,170.0,0.0,104.5,SUS304,949.0,29000.0
412,1.0,98.0,A,X,C,C,N,R,INX-4,DISPLAY,國內終端,218.0,182.0,48.0,182.0,SUS420,218.0,0.0,77.0,SUS304,3879.0,80629.0
413,5.0,250.0,B,G,S,C,N,R,億碩,OTHERS,國內設備商,33.0,87.4,8.0,87.4,SUS420,33.8,0.0,40.1,SUS304,368.0,6120.0
414,3.0,375.0,B,B,S,C,N,R,KJLC,OTHERS,國外代理商,38.1,86.106,10.0,86.106,SUS420,38.1,0.0,41.91,SUS304,868.0,7543.0
415,1.0,375.0,B,B,S,C,N,R,UMC 8AB,SEMI,國內終端,41.0,86.5,10.0,86.5,SUS420,41.0,0.0,42.0,SUS304,286.0,4018.0
416,4.0,5.0,A,F,S,C,N,R,KJLC,OTHERS,國外代理商,36.0,62.0,6.0,62.0,SUS420,36.0,0.0,32.0,SUS304,407.0,9531.0
417,1.0,750.0,B,F,M,C,N,R,KJLC,OTHERS,國外代理商,152.4,153.2,20.0,153.2,SUS420,152.4,0.0,90.5,SUS304,1064.0,15881.0
418,11.0,375.0,B,G,S,C,N,R,KJLC,OTHERS,國外代理商,70.0,103.12,12.0,103.12,SUS420,70.0,0.0,65.02,SUS304,426.0,6540.0
419,4.0,500.0,B,N,S,C,N,R,KJLC,OTHERS,國外代理商,72.6,223.8,15.0,223.8,SUS420,72.6,0.0,128.8,SUS304,621.0,15976.0
420,5.0,750.0,B,N,S,C,N,R,KJLC,OTHERS,國外代理商,72.9,223.825,20.0,223.82,SUS420,72.9,0.0,128.83,SUS304,485.0,12610.0
421,10.0,1500.0,B,C,M,C,N,R,KJLC,OTHERS,國外代理商,82.5,94.3,50.0,94.3,SUS420,82.5,0.0,76.2,SUS304,1008.0,16772.0
422,1.0,20.0,A,C,H,C,N,R,KJLC,OTHERS,國外代理商,60.0,64.0,30.0,64.0,SUS420,60.0,0.0,64.0,SUS304,632.0,15958.0
423,2.0,375.0,B,B,S,C,N,R,聚昌,LED,國內設備商,41.0,86.5,10.0,86.5,SUS420,41.0,0.0,42.0,SUS304,286.0,4018.0
424,1.0,10.0,A,F,S,C,N,R,凌嘉,DISPLAY,國內設備商,80.0,119.5,12.0,119.5,SUS420,80.0,0.0,69.5,SUS304,372.0,4498.0
425,12.0,10.0,A,F,S,C,N,R,凌嘉,DISPLAY,國內設備商,80.0,119.5,12.0,119.5,SUS420,80.0,0.0,69.5,SUS304,372.0,4498.0
426,1.0,10.0,A,F,S,C,N,R,凌嘉,DISPLAY,國內設備商,80.0,119.5,12.0,119.5,SUS420,80.0,0.0,69.5,SUS304,372.0,4498.0
427,1.0,375.0,B,B,S,C,N,R,UMC 8AB,SEMI,國內終端,41.0,86.5,10.0,86.5,SUS420,41.0,0.0,42.0,SUS304,286.0,4018.0
428,1.0,375.0,B,B,S,C,N,R,聚昌,LED,國內設備商,41.0,86.5,10.0,86.5,SUS420,41.0,0.0,42.0,SUS304,286.0,4018.0
429,2.0,375.0,B,G,S,W,N,R,KJLC,OTHERS,國外代理商,69.3,115.8,10.0,115.8,SUS420,69.3,0.0,77.7,SUS304,659.0,8102.0
430,2.0,250.0,B,S,S,C,N,R,吉利康,OTHERS,國內代理商,19.05,87.3,6.35,87.3,SUS420,19.05,0.0,49.23,SUS304,460.0,14171.0
431,1.0,375.0,B,B,S,C,N,R,亮傑,SEMI,國內設備商,41.0,86.5,10.0,86.5,SUS420,41.0,0.0,42.0,SUS304,286.0,4018.0
432,1.0,5.0,A,X,S,C,N,R,新唐,SEMI,國內終端,49.0,77.5,7.0,77.5,SUS420,49.0,0.0,38.5,SUS304,1020.0,8200.0
433,3.0,250.0,B,B,S,C,N,R,KJLC,OTHERS,國外代理商,53.8,100.8,10.0,100.8,SUS420,53.8,0.0,62.7,SUS304,530.0,6474.0
434,2.0,1000.0,B,X,X,C,M,N,亞太竑,INDUSTRIAL,國內代理商,119.45,115.7,46.15,108.4,SUS420,119.45,0.0,109.3,SUS304,2159.0,20684.0
435,1.0,375.0,B,X,S,C,N,R,KJLC,OTHERS,國外代理商,69.74,161.93,10.0,161.93,SUS420,69.47,0.0,82.55,AL6061,955.0,9556.0
436,2.0,500.0,B,N,S,W,N,R,KJLC,OTHERS,國外代理商,72.9,223.8,15.0,223.8,SUS420,72.9,0.0,128.8,SUS304,633.0,18041.0
437,2.0,1000.0,B,C,M,C,N,R,KJLC,OTHERS,國外代理商,66.61,84.81,33.0,84.81,SUS420,66.61,0.0,69.85,SUS304,882.0,10136.0
438,1.0,20.0,A,C,H,C,N,R,KJLC,OTHERS,國外代理商,60.0,64.0,30.0,64.0,SUS420,60.0,0.0,64.0,SUS304,632.0,15958.0
439,8.0,30.0,X,X,S,C,N,Z,天鴻,DISPLAY,國內設備商,122.0,147.0,30.0,147.0,SUS304,122.0,0.0,71.0,AL6061,191.0,8897.0
440,1.0,40.0,A,X,S,W,N,R,AMAT,DISPLAY,國內設備商,170.0,216.0,70.0,216.0,SUS420,170.0,0.0,102.0,SUS304,1022.0,26959.0
441,1.0,40.0,A,X,S,W,N,R,AMAT,DISPLAY,國內設備商,170.0,271.0,70.0,271.0,SUS420,170.0,0.0,157.0,SUS304,950.0,34104.0
442,10.0,750.0,B,N,S,C,N,R,KJLC,OTHERS,國外代理商,72.9,223.825,20.0,223.82,SUS420,72.9,0.0,128.83,SUS304,485.0,12610.0
443,1.0,625.0,X,X,S,A,N,H,聯穎光電,LED,國內終端,76.2,204.0,44.0,204.0,SUS420,76.2,0.0,87.5,AL6061,934.0,20717.0
444,1.0,625.0,X,X,S,A,N,H,聯穎光電,LED,國內終端,76.2,204.0,44.0,204.0,SUS420,76.2,0.0,87.5,AL6061,772.0,16786.0
445,1.0,375.0,B,B,S,C,N,R,UMC 8AB,SEMI,國內終端,41.0,86.5,10.0,86.5,SUS420,41.0,0.0,42.0,SUS304,286.0,4018.0
446,1.0,12.0,A,F,S,W,M,N,漢民,SEMI,國內設備商,64.0,192.0,19.0,192.0,SUS420,64.0,0.0,79.0,SUS304,869.0,17981.0
447,3.0,12.0,A,F,S,C,N,R,漢民,SEMI,國內設備商,74.0,84.0,33.0,84.0,SUS420,74.0,0.0,64.0,SUS304,989.0,13248.0
448,1.0,40.0,A,F,M,W,N,R,漢民,SEMI,國內設備商,135.0,120.0,50.0,120.0,SUS420,135.0,0.0,102.0,SUS304,1137.0,22704.0
449,1.0,375.0,B,B,S,C,N,R,UMC 8AB,SEMI,國內終端,41.0,86.5,10.0,86.5,SUS420,41.0,0.0,42.0,SUS304,286.0,4018.0
450,1.0,6.0,A,K,S,C,N,R,日揚,SEMI,國內代理商,30.0,108.45,9.0,108.45,SUS420,30.0,0.0,44.45,SUS304,958.0,14210.0
451,3.0,375.0,B,B,S,C,N,R,KJLC,OTHERS,國外代理商,38.1,86.106,10.0,86.106,SUS420,38.1,0.0,41.91,SUS304,868.0,7543.0
452,20.0,2000.0,B,C,M,C,N,R,KJLC,OTHERS,國外代理商,95.19,100.7,60.5,100.7,SUS420,95.19,0.0,82.6,SUS304,412.0,10261.0
453,21.0,250.0,B,B,S,C,N,R,KJLC,OTHERS,國外代理商,41.3,87.3,10.0,87.3,SUS420,41.3,0.0,49.0,SUS304,390.0,4800.0
454,1.0,375.0,B,B,S,C,N,R,聚昌,LED,國內設備商,41.0,86.5,10.0,86.5,SUS420,41.0,0.0,42.0,SUS304,286.0,4018.0
455,3.0,375.0,B,B,S,C,N,R,KJLC,OTHERS,國外代理商,38.1,86.106,10.0,86.106,SUS420,38.1,0.0,41.91,SUS304,868.0,7543.0
459,1.0,30.0,A,F,S,C,N,R,KJLC,OTHERS,國外代理商,180.0,273.0,35.0,273.0,SUS420,180.0,0.0,132.0,SUS304,1462.0,25740.0
460,1.0,30.0,A,F,S,C,N,R,KJLC,OTHERS,國外代理商,180.0,35.0,35.0,375.0,SUS420,180.0,0.0,235.6,SUS304,924.0,32765.0
461,3.0,500.0,B,N,S,C,N,R,KJLC,OTHERS,國外代理商,72.6,223.8,15.0,223.8,SUS420,72.6,0.0,128.8,SUS304,621.0,15976.0
462,10.0,20.0,A,F,S,C,N,R,巨孚,INDUSTRIAL,國內設備商,105.0,162.4,24.0,162.4,SUS420,105.0,0.0,92.4,SUS304,664.0,12513.0
463,3.0,500.0,B,N,S,C,N,R,KJLC,OTHERS,國外代理商,72.6,223.8,15.0,223.8,SUS420,72.6,0.0,128.8,SUS304,621.0,15976.0
464,2.0,187.0,B,N,S,C,N,R,KJLC,OTHERS,國外代理商,16.0,65.1,4.76,65.1,SUS420,16.0,0.0,40.1,SUS304,594.0,14011.0
466,2.0,750.0,B,N,S,C,N,R,KJLC,OTHERS,國外代理商,72.9,223.825,20.0,223.82,SUS420,72.9,0.0,128.829,SUS304,727.0,14444.0
467,5.0,750.0,B,N,S,C,N,R,KJLC,OTHERS,國外代理商,72.9,223.825,20.0,223.82,SUS420,72.9,0.0,128.829,SUS304,727.0,14444.0
468,1.0,750.0,B,N,S,W,N,R,KJLC,OTHERS,國外代理商,72.9,223.8,20.0,223.8,SUS420,72.9,0.0,128.8,SUS304,934.0,24464.0
469,1.0,30.0,A,F,S,W,N,R,HONJI,DISPLAY,國外設備商,150.0,309.0,30.0,309.0,SUS420,150.0,0.0,134.0,SUS304,1345.0,36235.0
470,5.0,30.0,X,X,S,W,N,R,天鴻,DISPLAY,國內設備商,191.85,139.5,56.0,88.5,SUS420,191.85,0.0,95.0,SUS304,1212.0,33312.0
472,22.0,250.0,B,B,S,C,N,R,KJLC,OTHERS,國外代理商,41.3,87.3,10.0,87.3,SUS420,41.3,0.0,49.0,SUS304,390.0,4800.0
473,3.0,375.0,B,X,S,C,N,R,KJLC,OTHERS,國外代理商,69.74,161.93,10.0,161.93,SUS420,69.47,0.0,82.55,AL6061,955.0,9556.0
474,1.0,12.0,A,F,S,C,N,R,KJLC,OTHERS,國外代理商,90.0,133.5,15.0,133.5,SUS420,90.0,0.0,73.5,SUS304,983.0,14299.0
475,2.0,40.0,A,X,S,C,N,R,AMAT,DISPLAY,國內設備商,170.0,241.0,70.0,241.0,SUS420,170.0,0.0,127.0,SUS304,1070.0,26935.0
476,1.0,187.0,B,N,S,C,N,R,KJLC,OTHERS,國外代理商,16.0,65.1,4.76,65.1,SUS420,16.0,0.0,40.1,SUS304,594.0,14011.0
477,1.0,250.0,B,B,S,C,N,R,KJLC,OTHERS,國外代理商,41.3,87.3,6.35,87.3,SUS420,41.3,0.0,49.0,SUS304,911.0,7044.0
478,2.0,12.0,A,F,S,W,M,N,漢民,SEMI,國內設備商,64.0,192.0,19.0,192.0,SUS420,64.0,0.0,79.0,SUS304,869.0,17981.0
479,1.0,12.0,A,F,S,C,N,R,漢民,SEMI,國內設備商,74.0,84.0,33.0,84.0,SUS420,74.0,0.0,64.0,SUS304,989.0,13248.0
480,2.0,40.0,A,F,M,W,N,R,漢民,SEMI,國內設備商,135.0,120.0,50.0,120.0,SUS420,135.0,0.0,102.0,SUS304,1137.0,22704.0
481,1.0,375.0,B,B,S,C,N,R,聚昌,LED,國內設備商,41.0,86.5,10.0,86.5,SUS420,41.0,0.0,42.0,SUS304,286.0,4018.0
482,1.0,12.0,A,F,S,C,N,R,漢民,SEMI,國內設備商,74.0,84.0,33.0,84.0,SUS420,74.0,0.0,64.0,SUS304,989.0,13248.0
483,2.0,375.0,B,B,S,C,N,R,億碩,OTHERS,國內設備商,41.0,86.5,10.0,86.5,SUS420,41.0,0.0,42.0,SUS304,286.0,4018.0
484,2.0,375.0,B,B,S,C,N,R,亮傑,SEMI,國內設備商,41.0,86.5,10.0,86.5,SUS420,41.0,0.0,42.0,SUS304,286.0,4018.0
485,2.0,750.0,B,N,S,C,N,R,KJLC,OTHERS,國外代理商,72.9,223.825,20.0,223.82,SUS420,72.9,0.0,128.829,SUS304,727.0,14444.0
486,3.0,5.0,A,F,S,C,N,R,KJLC,OTHERS,國外代理商,36.0,62.0,6.0,62.0,SUS420,36.0,0.0,32.0,SUS304,407.0,9531.0
487,1.0,40.0,A,F,M,W,N,R,漢民,SEMI,國內設備商,135.0,120.0,50.0,120.0,SUS420,135.0,0.0,102.0,SUS304,1137.0,22704.0
488,2.0,12.0,A,F,S,W,M,N,漢民,SEMI,國內設備商,64.0,192.0,19.0,192.0,SUS420,64.0,0.0,79.0,SUS304,869.0,17981.0
490,2.0,12.0,A,F,S,C,N,R,漢民,SEMI,國內設備商,74.0,84.0,33.0,84.0,SUS420,74.0,0.0,64.0,SUS304,989.0,13248.0
491,2.0,40.0,A,F,M,W,N,R,漢民,SEMI,國內設備商,135.0,120.0,50.0,120.0,SUS420,135.0,0.0,102.0,SUS304,1137.0,22704.0
492,1.0,375.0,B,B,S,C,N,R,加高,OTHERS,國內終端,41.0,86.5,10.0,86.5,SUS420,41.0,0.0,42.0,SUS304,286.0,4018.0
493,1.0,625.0,B,X,S,A,N,H,UMC 8C,SEMI,國內終端,76.2,204.0,44.0,204.0,SUS420,76.2,0.0,87.5,AL6061,1212.0,18411.0
494,1.0,625.0,B,X,S,A,N,H,UMC 8C,SEMI,國內終端,76.2,204.0,44.0,204.0,SUS420,76.2,0.0,87.5,AL6061,1314.0,21940.0
495,3.0,375.0,B,B,S,C,N,R,UMC 8AB,SEMI,國內終端,41.0,86.5,10.0,86.5,SUS420,41.0,0.0,42.0,SUS304,286.0,4018.0
496,1.0,250.0,B,B,S,C,N,R,KJLC,OTHERS,國外代理商,41.3,87.3,6.35,87.3,SUS420,41.3,0.0,49.0,SUS304,911.0,7044.0
497,1.0,250.0,B,B,S,C,N,R,KJLC,OTHERS,國外代理商,41.3,87.3,6.35,87.3,SUS420,41.3,0.0,49.0,SUS304,911.0,7044.0
498,1.0,500.0,B,G,S,C,N,R,KJLC,OTHERS,國外代理商,60.3,219.9,15.0,219.9,SUS420,60.3,0.0,124.6,SUS304,1186.0,15727.0
499,6.0,375.0,B,B,S,C,N,R,KJLC,OTHERS,國外代理商,38.1,86.106,10.0,86.106,SUS420,38.1,0.0,41.91,SUS304,868.0,7543.0
500,2.0,375.0,B,G,S,W,N,R,KJLC,OTHERS,國外代理商,69.3,115.8,10.0,115.8,SUS420,69.3,0.0,77.7,SUS304,659.0,8102.0
501,1.0,500.0,B,C,M,C,N,R,KJLC,OTHERS,國外代理商,50.8,81.7,20.0,71.7,SUS420,50.8,0.0,69.9,SUS304,1461.0,16690.0
502,4.0,500.0,B,N,S,C,N,R,KJLC,OTHERS,國外代理商,72.6,223.8,15.0,223.8,SUS420,72.6,0.0,128.8,SUS304,621.0,15976.0
503,11.0,375.0,B,G,S,C,N,R,KJLC,OTHERS,國外代理商,70.0,103.12,12.0,103.12,SUS420,70.0,0.0,65.02,SUS304,426.0,6540.0
504,3.0,375.0,B,B,S,C,N,R,亮傑,SEMI,國內設備商,41.0,86.5,10.0,86.5,SUS420,41.0,0.0,42.0,SUS304,286.0,4018.0
505,3.0,375.0,B,B,S,C,N,R,KJLC,OTHERS,國外代理商,38.1,86.106,10.0,86.106,SUS420,38.1,0.0,41.91,SUS304,868.0,7543.0
506,4.0,20.0,A,F,S,C,N,R,巨孚,INDUSTRIAL,國內設備商,105.0,162.4,24.0,162.4,SUS420,105.0,0.0,92.4,SUS304,664.0,12513.0
507,3.0,375.0,B,B,S,C,N,R,KJLC,OTHERS,國外代理商,41.1,117.5,10.0,117.5,SUS420,41.1,0.0,79.8,SUS304,594.0,5876.0
508,20.0,2000.0,B,C,M,C,N,R,KJLC,OTHERS,國外代理商,95.19,100.7,60.5,100.7,SUS420,95.19,0.0,82.6,SUS304,412.0,10261.0
509,1.0,15.0,A,F,S,C,N,R,兆遠科技,LED,國內終端,94.0,125.5,15.0,125.5,SUS420,94.0,0.0,50.0,SUS304,1566.0,9842.0
510,6.0,250.0,B,B,S,C,N,R,KJLC,OTHERS,國外代理商,41.3,87.3,10.0,87.3,SUS420,41.3,0.0,49.0,SUS304,390.0,4800.0
511,1.0,375.0,B,B,S,C,N,R,UMC 8AB,SEMI,國內終端,41.0,86.5,10.0,86.5,SUS420,41.0,0.0,42.0,SUS304,286.0,4018.0
512,1.0,250.0,B,X,S,C,N,R,KJLC,OTHERS,國外代理商,41.1,79.4,10.0,79.4,SUS420,41.1,0.0,41.1,SUS304,883.0,6827.0
513,2.0,187.0,B,N,S,C,N,R,KJLC,OTHERS,國外代理商,16.0,65.1,4.76,65.1,SUS420,16.0,0.0,40.1,SUS304,594.0,14011.0
514,1.0,375.0,B,B,S,C,N,R,聚昌,LED,國內設備商,41.0,86.5,10.0,86.5,SUS420,41.0,0.0,42.0,SUS304,286.0,4018.0
515,1.0,20.0,A,X,S,W,B,R,力鼎精密,SEMI,國內設備商,170.0,295.0,25.0,295.0,SUS420,170.0,0.0,104.5,SUS304,1337.0,24087.0
516,2.0,250.0,B,B,S,C,N,R,KJLC,OTHERS,國外代理商,41.3,87.3,10.0,87.3,SUS420,41.3,0.0,49.0,SUS304,390.0,4800.0
517,6.0,5.0,A,F,S,C,N,R,KJLC,OTHERS,國外代理商,36.0,62.0,6.0,62.0,SUS420,36.0,0.0,32.0,SUS304,407.0,9531.0
518,6.0,5.0,A,F,S,C,N,R,KJLC,OTHERS,國外代理商,36.0,62.0,6.0,62.0,SUS420,36.0,0.0,32.0,SUS304,407.0,9531.0
519,6.0,5.0,A,F,S,C,N,R,KJLC,OTHERS,國外代理商,36.0,62.0,6.0,62.0,SUS420,36.0,0.0,32.0,SUS304,407.0,9531.0
520,6.0,5.0,A,F,S,C,N,R,KJLC,OTHERS,國外代理商,36.0,62.0,6.0,62.0,SUS420,36.0,0.0,32.0,SUS304,407.0,9531.0
521,10.0,20.0,A,F,S,C,N,R,KJLC,OTHERS,國外代理商,105.0,151.5,25.0,151.5,SUS420,105.0,0.0,81.5,SUS304,646.0,7955.0
522,1.0,12.0,A,F,S,W,M,N,漢民,SEMI,國內設備商,64.0,192.0,19.0,192.0,SUS420,64.0,0.0,79.0,SUS304,869.0,17981.0
523,1.0,16.0,A,X,S,C,N,R,漢民,SEMI,國內設備商,74.0,319.5,20.0,319.5,SUS420,74.0,0.0,68.0,SUS304,1118.0,12216.0
524,1.0,12.0,A,F,S,C,N,R,漢民,SEMI,國內設備商,74.0,84.0,33.0,84.0,SUS420,74.0,0.0,64.0,SUS304,989.0,13248.0
525,1.0,40.0,A,F,M,W,N,R,漢民,SEMI,國內設備商,135.0,120.0,50.0,120.0,SUS420,135.0,0.0,102.0,SUS304,1137.0,22704.0
526,10.0,1000.0,B,C,M,C,N,R,KJLC,OTHERS,國外代理商,66.61,84.81,33.0,84.81,SUS420,66.61,0.0,69.85,SUS304,882.0,10136.0
527,1.0,375.0,B,B,S,C,N,R,聚昌,LED,國內設備商,41.0,86.5,10.0,86.5,SUS420,41.0,0.0,42.0,SUS304,286.0,4018.0
528,1.0,500.0,B,G,S,C,N,R,KJLC,OTHERS,國外代理商,60.3,219.9,15.0,219.9,SUS420,60.3,0.0,124.6,SUS304,1186.0,15727.0
529,1.0,20.0,A,F,M,C,N,R,三豐機械,OTHERS,國內設備商,105.0,82.5,30.0,83.5,SUS420,105.0,0.0,68.5,SUS304,861.0,18189.0
530,1.0,625.0,B,X,S,A,N,H,UMC 8C,SEMI,國內終端,76.2,204.0,44.0,204.0,SUS420,76.2,0.0,87.5,AL6061,1212.0,18411.0
531,1.0,625.0,B,X,S,A,N,H,UMC 8C,SEMI,國內終端,76.2,204.0,44.0,204.0,SUS420,76.2,0.0,87.5,AL6061,1314.0,21940.0
532,10.0,750.0,B,N,S,C,N,R,KJLC,OTHERS,國外代理商,72.9,223.825,20.0,223.82,SUS420,72.9,0.0,128.83,SUS304,485.0,12610.0
533,1.0,625.0,B,X,S,A,N,H,UMC 8C,SEMI,國內終端,76.2,204.0,44.0,204.0,SUS420,76.2,0.0,87.5,AL6061,1212.0,18411.0
534,1.0,625.0,B,X,S,A,N,H,UMC 8C,SEMI,國內終端,76.2,204.0,44.0,204.0,SUS420,76.2,0.0,87.5,AL6061,1314.0,21940.0
535,3.0,375.0,B,B,S,C,N,R,亮傑,SEMI,國內設備商,41.0,86.5,10.0,86.5,SUS420,41.0,0.0,42.0,SUS304,286.0,4018.0
536,2.0,20.0,X,X,S,W,M,R,新唐,SEMI,國內終端,105.0,136.0,29.0,136.0,SUS420,105.0,0.0,87.85,SUS304,884.0,13671.0
537,2.0,20.0,X,X,S,W,M,R,新唐,SEMI,國內終端,105.0,136.0,29.0,136.0,SUS420,105.0,0.0,87.85,SUS304,884.0,13671.0
540,1.0,6.0,A,X,S,C,N,R,力積電,SEMI,國內終端,52.0,91.0,6.0,91.0,SUS420,52.0,0.0,25.0,SUS304,962.0,6888.0
541,1.0,10.0,A,B,S,C,N,R,聚昌,LED,國內設備商,42.0,298.8,10.0,298.8,SUS420,42.0,0.0,197.0,SUS304,1227.0,10193.0
542,2.0,40.0,A,X,S,C,N,R,AMAT,DISPLAY,國內設備商,170.0,241.0,70.0,241.0,SUS420,170.0,0.0,127.0,SUS304,1070.0,26935.0
543,2.0,40.0,A,X,S,C,N,R,AMAT,DISPLAY,國內設備商,170.0,241.0,70.0,241.0,SUS420,170.0,0.0,127.0,SUS304,1070.0,26935.0
544,1.0,40.0,A,X,S,W,N,R,AMAT,DISPLAY,國內設備商,170.0,216.0,70.0,216.0,SUS420,170.0,0.0,102.0,SUS304,1022.0,26959.0
545,1.0,40.0,A,X,S,W,N,R,AMAT,DISPLAY,國內設備商,170.0,216.0,70.0,216.0,SUS420,170.0,0.0,102.0,SUS304,1022.0,26959.0
546,1.0,40.0,A,X,S,W,N,R,AMAT,DISPLAY,國內設備商,170.0,271.0,70.0,271.0,SUS420,170.0,0.0,157.0,SUS304,950.0,34104.0
547,1.0,40.0,A,X,S,W,N,R,AMAT,DISPLAY,國內設備商,170.0,271.0,70.0,271.0,SUS420,170.0,0.0,157.0,SUS304,950.0,34104.0
549,1.0,40.0,D,F,H,C,N,N,準鑫,OTHERS,國內設備商,165.0,126.0,50.0,126.0,SUS420,165.0,0.0,112.5,SUS304,1333.0,54458.0
550,1.0,26.0,D,F,H,C,N,R,準鑫,OTHERS,國內設備商,165.0,126.0,50.0,126.0,SUS420,165.0,0.0,112.5,SUS304,1333.0,54458.0
551,2.0,25.0,D,X,H,C,N,R,準鑫,OTHERS,國內設備商,125.0,101.0,45.0,101.0,SUS420,125.0,0.0,85.0,SUS304,0.0,0.0
552,1.0,20.0,D,X,H,C,N,R,準鑫,OTHERS,國內設備商,120.0,101.0,40.0,101.0,SUS420,120.0,0.0,85.0,SUS304,0.0,0.0
553,3.0,375.0,B,B,S,C,N,R,UMC 8AB,SEMI,國內終端,41.0,86.5,10.0,86.5,SUS420,41.0,0.0,42.0,SUS304,286.0,4018.0
555,15.0,750.0,B,N,S,C,N,R,KJLC,OTHERS,國外代理商,72.9,223.825,20.0,223.82,SUS420,72.9,0.0,128.83,SUS304,485.0,12610.0
556,1.0,40.0,A,X,S,W,N,R,AMAT,DISPLAY,國內設備商,170.0,271.0,70.0,271.0,SUS420,170.0,0.0,157.0,SUS304,950.0,34104.0
557,2.0,40.0,A,X,S,C,N,R,AMAT,DISPLAY,國內設備商,170.0,241.0,70.0,241.0,SUS420,170.0,0.0,127.0,SUS304,1070.0,26935.0
558,1.0,40.0,A,X,S,W,N,R,AMAT,DISPLAY,國內設備商,170.0,216.0,70.0,216.0,SUS420,170.0,0.0,102.0,SUS304,1022.0,26959.0
559,1.0,625.0,X,X,S,A,N,H,聯穎光電,LED,國內終端,76.2,204.0,44.0,204.0,SUS420,76.2,0.0,87.5,AL6061,934.0,20717.0
560,1.0,625.0,X,X,S,A,N,H,聯穎光電,LED,國內終端,76.2,204.0,44.0,204.0,SUS420,76.2,0.0,87.5,AL6061,772.0,16786.0
561,1.0,625.0,B,X,S,A,N,H,UMC 8C,SEMI,國內終端,76.2,204.0,44.0,204.0,SUS420,76.2,0.0,87.5,AL6061,1212.0,18411.0
562,1.0,625.0,B,X,S,A,N,H,UMC 8C,SEMI,國內終端,76.2,204.0,44.0,204.0,SUS420,76.2,0.0,87.5,AL6061,1314.0,21940.0
563,3.0,375.0,B,B,S,C,N,R,KJLC,OTHERS,國外代理商,38.1,86.106,10.0,86.106,SUS420,38.1,0.0,41.91,SUS304,868.0,7543.0
564,1.0,2000.0,B,G,M,C,N,R,KJLC,OTHERS,國外代理商,150.6,100.74,65.0,100.74,SUS420,150.6,0.0,85.55,SUS304,1044.0,29082.0
565,22.0,250.0,B,B,S,C,N,R,KJLC,OTHERS,國外代理商,41.3,87.3,10.0,87.3,SUS420,41.3,0.0,49.0,SUS304,390.0,4800.0
567,1.0,250.0,B,S,S,C,N,R,KJLC,OTHERS,國外代理商,19.1,87.3,6.35,87.3,SUS420,19.1,0.0,49.2,SUS304,640.0,8406.0
569,1.0,375.0,B,B,S,C,N,R,聚昌,LED,國內設備商,41.0,86.5,10.0,86.5,SUS420,41.0,0.0,42.0,SUS304,286.0,4018.0
570,14.0,375.0,B,G,S,C,N,R,KJLC,OTHERS,國外代理商,70.0,103.12,12.0,103.12,SUS420,70.0,0.0,65.02,SUS304,426.0,6540.0
571,2.0,6.0,A,S,S,C,N,R,KJLC,OTHERS,國外代理商,21.0,76.5,7.0,76.5,SUS420,21.0,0.0,46.5,SUS304,496.0,7755.0
572,3.0,375.0,B,B,S,C,N,R,UMC 8AB,SEMI,國內終端,41.0,86.5,10.0,86.5,SUS420,41.0,0.0,42.0,SUS304,286.0,4018.0
573,1.0,35.0,A,X,M,C,N,R,俊尚科技,OTHERS,國內代理商,124.8,76.6,45.0,62.0,SUS420,124.8,0.0,65.65,SUS304,1462.0,21287.0
574,1.0,375.0,B,B,S,C,N,R,聚昌,LED,國內設備商,41.0,86.5,10.0,86.5,SUS420,41.0,0.0,42.0,SUS304,286.0,4018.0
575,1.0,250.0,B,X,S,C,N,R,KJLC,OTHERS,國外代理商,41.1,79.4,10.0,79.4,SUS420,41.1,0.0,41.1,SUS304,883.0,6827.0
576,1.0,250.0,B,S,S,C,N,R,KJLC,OTHERS,國外代理商,19.1,87.3,6.35,87.3,SUS420,19.1,0.0,49.2,SUS304,640.0,8406.0
577,4.0,1500.0,B,C,M,C,N,R,KJLC,OTHERS,國外代理商,82.5,94.3,50.0,94.3,SUS420,82.5,0.0,76.2,SUS304,1008.0,16772.0
578,2.0,1500.0,B,C,H,C,N,N,漢辰,SEMI,國內設備商,75.0,90.0,50.0,90.0,SUS420,75.0,0.0,90.0,SUS304,746.0,16127.0
579,1.0,375.0,B,B,S,C,N,R,聚昌,LED,國內設備商,41.0,86.5,10.0,86.5,SUS420,41.0,0.0,42.0,SUS304,286.0,4018.0
580,10.0,1000.0,B,C,M,C,N,R,KJLC,OTHERS,國外代理商,66.61,84.81,33.0,84.81,SUS420,66.61,0.0,69.85,SUS304,882.0,10136.0
581,3.0,375.0,B,B,S,C,N,R,KJLC,OTHERS,國外代理商,38.1,86.106,10.0,86.106,SUS420,38.1,0.0,41.91,SUS304,868.0,7543.0
582,3.0,250.0,B,X,S,C,N,R,KJLC,OTHERS,國外代理商,41.1,79.4,10.0,79.4,SUS420,41.1,0.0,41.1,SUS304,883.0,6827.0
583,4.0,1000.0,B,F,M,C,N,R,KJLC,OTHERS,國外代理商,177.8,84.8,35.0,84.8,SUS420,177.8,0.0,69.9,SUS304,1188.0,26238.0
584,4.0,1500.0,B,C,H,C,N,N,漢辰,SEMI,國內設備商,75.0,90.0,50.0,90.0,SUS420,75.0,0.0,90.0,SUS304,746.0,16127.0
585,1.0,250.0,B,G,S,C,N,R,KJLC,OTHERS,國外代理商,69.3,103.1,10.0,103.1,SUS420,69.3,0.0,65.0,SUS304,523.0,6037.0
586,3.0,500.0,B,N,S,C,N,R,KJLC,OTHERS,國外代理商,72.6,223.8,15.0,223.8,SUS420,72.6,0.0,128.8,SUS304,621.0,15976.0
587,7.0,750.0,B,N,S,C,N,R,KJLC,OTHERS,國外代理商,72.9,223.825,20.0,223.82,SUS420,72.9,0.0,128.829,SUS304,727.0,14444.0
588,1.0,375.0,B,B,S,C,N,R,KJLC,OTHERS,國外代理商,38.1,86.106,10.0,86.106,SUS420,38.1,0.0,41.91,SUS304,868.0,7543.0
589,2.0,6.0,A,S,S,C,N,R,KJLC,OTHERS,國外代理商,21.0,76.5,7.0,76.5,SUS420,21.0,0.0,46.5,SUS304,496.0,7755.0
590,1.0,250.0,B,S,S,C,N,R,KJLC,OTHERS,國外代理商,19.1,87.3,6.35,87.3,SUS420,19.1,0.0,49.2,SUS304,640.0,8406.0
591,23.0,250.0,B,B,S,C,N,R,KJLC,OTHERS,國外代理商,41.3,87.3,10.0,87.3,SUS420,41.3,0.0,49.0,SUS304,390.0,4800.0
593,1.0,250.0,B,X,S,C,N,R,KJLC,OTHERS,國外代理商,41.1,79.4,10.0,79.4,SUS420,41.1,0.0,41.1,SUS304,883.0,6827.0
594,3.0,250.0,B,B,S,C,N,R,KJLC,OTHERS,國外代理商,53.8,100.8,10.0,100.8,SUS420,53.8,0.0,62.7,SUS304,530.0,6474.0
595,1.0,250.0,B,X,S,C,N,R,KJLC,OTHERS,國外代理商,41.1,79.4,10.0,79.4,SUS420,41.1,0.0,41.1,SUS304,883.0,6827.0
596,3.0,375.0,B,B,S,C,N,R,聚昌,LED,國內設備商,41.0,86.5,10.0,86.5,SUS420,41.0,0.0,42.0,SUS304,286.0,4018.0
597,4.0,500.0,B,N,S,C,N,R,KJLC,OTHERS,國外代理商,72.6,223.8,15.0,223.8,SUS420,72.6,0.0,128.8,SUS304,621.0,15976.0
598,1.0,30.0,A,F,S,C,N,R,KJLC,OTHERS,國外代理商,180.0,273.0,35.0,273.0,SUS420,180.0,0.0,132.0,SUS304,1462.0,25740.0
599,1.0,250.0,B,X,S,C,N,R,KJLC,OTHERS,國外代理商,41.1,79.4,10.0,79.4,SUS420,41.1,0.0,41.1,SUS304,883.0,6827.0
600,4.0,1500.0,B,C,H,C,N,N,漢辰,SEMI,國內設備商,75.0,90.0,50.0,90.0,SUS420,75.0,0.0,90.0,SUS304,746.0,16127.0
601,20.0,2000.0,B,C,M,C,N,R,KJLC,OTHERS,國外代理商,95.19,100.7,60.5,100.7,SUS420,95.19,0.0,82.6,SUS304,412.0,10261.0
602,6.0,1500.0,B,C,M,C,N,R,KJLC,OTHERS,國外代理商,82.5,94.3,50.0,94.3,SUS420,82.5,0.0,76.2,SUS304,1008.0,16772.0
603,1.0,375.0,B,B,S,C,N,R,聚昌,LED,國內設備商,41.0,86.5,10.0,86.5,SUS420,41.0,0.0,42.0,SUS304,286.0,4018.0
605,1.0,6.0,A,B,S,C,N,R,KJLC,OTHERS,國外代理商,42.0,78.0,10.0,78.0,SUS420,42.0,0.0,48.0,SUS304,1114.0,13446.0
606,3.0,375.0,B,B,S,C,N,R,聚昌,LED,國內設備商,41.0,86.5,10.0,86.5,SUS420,41.0,0.0,42.0,SUS304,286.0,4018.0
607,1.0,250.0,B,S,S,C,N,R,KJLC,OTHERS,國外代理商,19.1,87.3,6.35,87.3,SUS420,19.1,0.0,49.2,SUS304,640.0,8406.0
608,1.0,500.0,B,C,M,C,N,R,KJLC,OTHERS,國外代理商,50.8,81.7,20.0,71.7,SUS420,50.8,0.0,69.9,SUS304,1461.0,16690.0
609,1.0,750.0,B,N,S,C,N,R,KJLC,OTHERS,國外代理商,72.9,223.825,20.0,223.82,SUS420,72.9,0.0,128.829,SUS304,727.0,14444.0
610,11.0,750.0,B,N,S,C,N,R,KJLC,OTHERS,國外代理商,72.9,223.825,20.0,223.82,SUS420,72.9,0.0,128.83,SUS304,485.0,12610.0
611,1.0,30.0,A,F,S,C,N,R,KJLC,OTHERS,國外代理商,180.0,273.0,35.0,273.0,SUS420,180.0,0.0,132.0,SUS304,1462.0,25740.0
612,1.0,12.0,A,F,S,C,N,R,上海碩創,OTHERS,國外代理商,90.0,133.5,15.0,133.5,SUS420,90.0,0.0,73.5,SUS304,0.0,0.0
613,1.0,6.0,A,G,S,C,N,R,上海碩創,OTHERS,國外代理商,34.0,102.0,7.0,102.0,SUS420,34.0,0.0,68.0,SUS303,0.0,0.0
614,1.0,5.0,A,S,S,C,N,R,上海碩創,OTHERS,國外代理商,21.0,76.5,6.0,76.5,SUS420,21.0,0.0,46.5,SUS304,0.0,0.0
615,3.0,20.0,A,F,S,C,N,R,巨孚,INDUSTRIAL,國內設備商,105.0,162.4,24.0,162.4,SUS420,105.0,0.0,92.4,SUS304,664.0,12513.0
616,1.0,35.0,A,X,M,C,N,R,俊尚科技,OTHERS,國內代理商,124.8,76.6,45.0,62.0,SUS420,124.8,0.0,65.65,SUS304,1462.0,21287.0
617,1.0,12.0,A,F,S,W,M,N,漢民,SEMI,國內設備商,64.0,192.0,19.0,192.0,SUS420,64.0,0.0,79.0,SUS304,869.0,17981.0
618,1.0,16.0,A,X,S,C,N,R,漢民,SEMI,國內設備商,74.0,319.5,20.0,319.5,SUS420,74.0,0.0,68.0,SUS304,1118.0,12216.0
619,1.0,12.0,A,F,S,C,N,R,漢民,SEMI,國內設備商,74.0,84.0,33.0,84.0,SUS420,74.0,0.0,64.0,SUS304,989.0,13248.0
620,1.0,40.0,A,F,M,W,N,R,漢民,SEMI,國內設備商,135.0,120.0,50.0,120.0,SUS420,135.0,0.0,102.0,SUS304,1137.0,22704.0
621,1.0,12.0,A,F,S,W,M,N,漢民,SEMI,國內設備商,64.0,192.0,19.0,192.0,SUS420,64.0,0.0,79.0,SUS304,869.0,17981.0
622,1.0,16.0,A,X,S,C,N,R,漢民,SEMI,國內設備商,74.0,319.5,20.0,319.5,SUS420,74.0,0.0,68.0,SUS304,1118.0,12216.0
623,1.0,12.0,A,F,S,C,N,R,漢民,SEMI,國內設備商,74.0,84.0,33.0,84.0,SUS420,74.0,0.0,64.0,SUS304,989.0,13248.0
624,1.0,40.0,A,F,M,W,N,R,漢民,SEMI,國內設備商,135.0,120.0,50.0,120.0,SUS420,135.0,0.0,102.0,SUS304,1137.0,22704.0
625,3.0,15.0,A,X,M,W,N,N,承鋐儀器,OTHERS,國內設備商,61.0,88.0,25.0,88.0,SUS420,61.0,0.0,73.0,SUS316L,1324.0,19967.0
626,8.0,12.0,A,B,S,C,N,R,宏達隆科技,OTHERS,國內設備商,60.0,119.5,15.0,119.5,SUS420,60.0,0.0,69.5,SUS304,618.0,13128.0
627,10.0,750.0,B,N,S,C,N,R,KJLC,OTHERS,國外代理商,72.9,223.825,20.0,223.82,SUS420,72.9,0.0,128.83,SUS304,485.0,12610.0
628,20.0,2000.0,B,C,M,C,N,R,KJLC,OTHERS,國外代理商,95.19,100.7,60.5,100.7,SUS420,95.19,0.0,82.6,SUS304,412.0,10261.0
629,1.0,3000.0,B,G,M,W,N,R,KJLC,OTHERS,國外代理商,203.0,116.0,90.0,116.0,SUS420,203.0,0.0,96.0,SUS304,3307.0,51514.0
630,5.0,375.0,B,B,S,C,N,R,KJLC,OTHERS,國外代理商,38.1,86.106,10.0,86.106,SUS420,38.1,0.0,41.91,SUS304,868.0,7543.0
631,3.0,375.0,B,B,S,C,N,R,聚昌,LED,國內設備商,41.0,86.5,10.0,86.5,SUS420,41.0,0.0,42.0,SUS304,286.0,4018.0
632,4.0,38.0,A,F,M,C,N,R,清大,OTHERS,國內終端,116.0,112.0,50.0,89.0,SUS420,116.0,0.0,74.5,SUS304,1274.0,20596.0
633,1.0,42.0,A,F,C,C,N,R,亮傑,SEMI,國內設備商,118.0,209.15,12.0,209.15,SUS420,118.0,0.0,80.05,SUS304,2686.0,25936.0
634,16.0,250.0,B,S,S,C,N,R,KJLC,OTHERS,國外代理商,19.1,87.3,6.35,87.3,SUS420,19.1,0.0,49.2,SUS304,640.0,8406.0
635,1.0,6.0,A,S,S,C,N,R,亮傑,SEMI,國內設備商,21.0,76.5,6.0,76.5,SUS420,21.0,0.0,46.5,SUS304,1502.0,9463.0
636,1.0,6.0,A,S,S,C,N,R,亮傑,SEMI,國內設備商,21.0,76.5,6.0,76.5,SUS420,21.0,0.0,46.5,SUS304,1502.0,9463.0
637,1.0,6.0,A,B,S,C,N,R,KJLC,OTHERS,國外代理商,42.0,78.0,10.0,78.0,SUS420,42.0,0.0,48.0,SUS304,1114.0,13446.0
638,1.0,375.0,B,B,S,C,N,R,KJLC,OTHERS,國外代理商,38.1,86.106,10.0,86.106,SUS420,38.1,0.0,41.91,SUS304,868.0,7543.0
639,1.0,6.0,A,S,S,C,N,R,亮傑,SEMI,國內設備商,21.0,76.5,6.0,76.5,SUS420,21.0,0.0,46.5,SUS304,1502.0,9463.0
640,7.0,20.0,A,F,S,C,N,R,KJLC,OTHERS,國外代理商,105.0,151.5,25.0,151.5,SUS420,105.0,0.0,81.5,SUS304,646.0,7955.0
641,10.0,1500.0,B,C,H,C,N,N,漢辰,SEMI,國內設備商,75.0,90.0,50.0,90.0,SUS420,75.0,0.0,90.0,SUS304,746.0,16127.0
642,1.0,5.0,A,X,S,C,N,R,漢磊-3,SEMI,國內終端,49.0,77.5,7.0,77.5,SUS420,49.0,0.0,38.5,SUS304,1020.0,8200.0
643,1.0,20.0,A,X,S,W,B,R,力鼎精密,SEMI,國內設備商,170.0,423.0,25.0,423.0,SUS420,170.0,0.0,104.5,SUS304,949.0,29000.0
644,1.0,6.0,A,K,S,C,N,R,日揚,SEMI,國內代理商,30.0,128.45,9.0,128.45,SUS420,30.0,0.0,44.45,SUS304,924.0,16267.0
645,14.0,1500.0,B,C,H,C,N,N,漢辰,SEMI,國內設備商,75.0,90.0,50.0,90.0,SUS420,75.0,0.0,90.0,SUS304,746.0,16127.0
646,1.0,375.0,B,B,S,C,N,R,聚昌,LED,國內設備商,41.0,86.5,10.0,86.5,SUS420,41.0,0.0,42.0,SUS304,286.0,4018.0
647,1.0,30.0,A,F,S,C,N,R,KJLC,OTHERS,國外代理商,180.0,273.0,35.0,273.0,SUS420,180.0,0.0,132.0,SUS304,1462.0,25740.0
648,1.0,250.0,B,X,S,C,N,R,KJLC,OTHERS,國外代理商,41.1,79.4,10.0,79.4,SUS420,41.1,0.0,41.1,SUS304,883.0,6827.0
649,1.0,375.0,B,B,S,C,N,R,UMC 8AB,SEMI,國內終端,41.0,86.5,10.0,86.5,SUS420,41.0,0.0,42.0,SUS304,286.0,4018.0
650,1.0,375.0,B,B,S,C,N,R,UMC 8AB,SEMI,國內終端,41.0,86.5,10.0,86.5,SUS420,41.0,0.0,42.0,SUS304,286.0,4018.0
651,1.0,375.0,B,B,S,C,N,R,UMC 8AB,SEMI,國內終端,41.0,86.5,10.0,86.5,SUS420,41.0,0.0,42.0,SUS304,286.0,4018.0
652,1.0,6.0,A,X,S,C,N,R,力積電,SEMI,國內終端,52.0,91.0,6.0,91.0,SUS420,52.0,0.0,25.0,SUS304,962.0,6888.0
653,1.0,375.0,B,B,S,C,N,R,KJLC,OTHERS,國外代理商,38.1,86.106,10.0,86.106,SUS420,38.1,0.0,41.91,SUS304,868.0,7543.0
654,15.0,250.0,B,B,S,C,N,R,KJLC,OTHERS,國外代理商,41.3,87.3,10.0,87.3,SUS420,41.3,0.0,49.0,SUS304,390.0,4800.0
655,10.0,375.0,B,G,S,C,N,R,KJLC,OTHERS,國外代理商,70.0,103.12,12.0,103.12,SUS420,70.0,0.0,65.02,SUS304,426.0,6540.0
656,1.0,250.0,B,B,S,C,N,R,KJLC,OTHERS,國外代理商,41.3,87.3,10.0,87.3,SUS420,41.3,0.0,49.0,SUS304,390.0,4800.0
657,1.0,105.0,X,X,S,W,N,H,佶聖,SEMI,國內設備商,226.1,280.8,193.05,280.8,SUS420,226.1,0.0,148.65,AL6061,2888.0,107525.0
658,1.0,375.0,B,B,S,C,N,R,UMC 8AB,SEMI,國內終端,41.0,86.5,10.0,86.5,SUS420,41.0,0.0,42.0,SUS304,286.0,4018.0
660,6.0,1500.0,B,C,H,C,N,N,漢辰,SEMI,國內設備商,75.0,90.0,50.0,90.0,SUS420,75.0,0.0,90.0,SUS304,746.0,16127.0
661,22.0,10.0,A,F,S,C,N,R,凌嘉,DISPLAY,國內設備商,80.0,119.5,12.0,119.5,SUS420,80.0,0.0,69.5,SUS304,372.0,4498.0
662,1.0,375.0,B,B,S,C,N,R,UMC 8AB,SEMI,國內終端,41.0,86.5,10.0,86.5,SUS420,41.0,0.0,42.0,SUS304,286.0,4018.0
663,1.0,375.0,B,B,S,C,N,R,UMC 8AB,SEMI,國內終端,41.0,86.5,10.0,86.5,SUS420,41.0,0.0,42.0,SUS304,286.0,4018.0
664,4.0,250.0,B,B,S,C,N,R,KJLC,OTHERS,國外代理商,41.3,87.3,10.0,87.3,SUS420,41.3,0.0,49.0,SUS304,390.0,4800.0
665,1.0,250.0,B,S,S,C,N,R,KJLC,OTHERS,國外代理商,19.1,87.3,6.35,87.3,SUS420,19.1,0.0,49.2,SUS304,640.0,8406.0
666,2.0,375.0,B,B,S,C,N,R,KJLC,OTHERS,國外代理商,41.275,149.614,10.0,149.614,SUS420,41.275,0.0,41.91,SUS304,871.0,6464.0
667,26.0,10.0,A,F,S,C,N,R,凌嘉,DISPLAY,國內設備商,80.0,119.5,12.0,119.5,SUS420,80.0,0.0,69.5,SUS304,372.0,4498.0
668,1.0,5.0,A,X,S,C,N,R,漢磊-3,SEMI,國內終端,49.0,77.5,7.0,77.5,SUS420,49.0,0.0,38.5,SUS304,1020.0,8200.0
669,1.0,375.0,B,B,S,C,N,R,聚昌,LED,國內設備商,41.0,86.5,10.0,86.5,SUS420,41.0,0.0,42.0,SUS304,286.0,4018.0
670,1.0,375.0,B,B,S,C,N,R,倍能真空,OTHERS,國內設備商,41.0,86.5,10.0,86.5,SUS420,41.0,0.0,42.0,SUS304,286.0,4018.0
671,2.0,375.0,B,G,S,W,N,R,KJLC,OTHERS,國外代理商,69.3,115.8,10.0,115.8,SUS420,69.3,0.0,77.7,SUS304,659.0,8102.0
672,10.0,750.0,B,N,S,C,N,R,KJLC,OTHERS,國外代理商,72.9,223.825,20.0,223.82,SUS420,72.9,0.0,128.83,SUS304,485.0,12610.0
674,1.0,375.0,B,B,S,C,N,R,聚昌,LED,國內設備商,41.0,86.5,10.0,86.5,SUS420,41.0,0.0,42.0,SUS304,286.0,4018.0
675,6.0,375.0,B,B,S,C,N,R,亮傑,SEMI,國內設備商,41.0,86.5,10.0,86.5,SUS420,41.0,0.0,42.0,SUS304,286.0,4018.0
676,1.0,6.0,A,S,S,C,N,R,KJLC,OTHERS,國外代理商,21.0,76.5,7.0,76.5,SUS420,21.0,0.0,46.5,SUS304,496.0,7755.0
677,1.0,12.0,A,F,S,W,M,N,漢民,SEMI,國內設備商,64.0,192.0,19.0,192.0,SUS420,64.0,0.0,79.0,SUS304,869.0,17981.0
678,3.0,500.0,B,N,S,C,N,R,KJLC,OTHERS,國外代理商,72.6,223.8,15.0,223.8,SUS420,72.6,0.0,128.8,SUS304,621.0,15976.0
679,10.0,250.0,B,B,S,C,N,R,KJLC,OTHERS,國外代理商,41.3,87.3,10.0,87.3,SUS420,41.3,0.0,49.0,SUS304,390.0,4800.0
680,1.0,6.0,X,X,S,C,N,R,穩懋,SEMI,國內終端,52.0,63.5,6.0,63.5,SUS420,52.0,0.0,25.0,SUS304,773.0,5559.0
681,13.0,10.0,A,F,S,C,N,R,凌嘉,DISPLAY,國內設備商,80.0,119.5,12.0,119.5,SUS420,80.0,0.0,69.5,SUS304,372.0,4498.0
682,1.0,1500.0,B,C,M,C,N,R,KJLC,OTHERS,國外代理商,82.5,94.3,50.0,94.3,SUS420,82.5,0.0,76.2,SUS304,1008.0,16772.0
683,1.0,1500.0,B,C,M,C,N,R,KJLC,OTHERS,國外代理商,82.5,94.3,50.0,94.3,SUS420,82.5,0.0,76.2,SUS304,1008.0,16772.0
684,3.0,250.0,B,G,S,C,N,R,KJLC,OTHERS,國外代理商,69.3,103.1,10.0,103.1,SUS420,69.3,0.0,65.0,SUS304,523.0,6037.0
685,1.0,1500.0,B,C,M,C,N,R,KJLC,OTHERS,國外代理商,82.5,94.3,50.0,94.3,SUS420,82.5,0.0,76.2,SUS304,1008.0,16772.0
686,1.0,250.0,B,X,S,C,N,R,KJLC,OTHERS,國外代理商,41.1,79.4,10.0,79.4,SUS420,41.1,0.0,41.1,SUS304,883.0,6827.0
687,2.0,20.0,A,X,S,W,B,R,力鼎精密,SEMI,國內設備商,170.0,423.0,25.0,423.0,SUS420,170.0,0.0,104.5,SUS304,949.0,29000.0
688,1.0,250.0,B,X,S,C,N,R,KJLC,OTHERS,國外代理商,41.1,79.4,10.0,79.4,SUS420,41.1,0.0,41.1,SUS304,883.0,6827.0
689,1.0,25.0,A,F,S,W,N,R,鴻盛,OTHERS,國內終端,160.0,243.0,30.0,243.0,SUS420,160.0,0.0,138.0,SUS304,1415.0,31521.0
690,2.0,20.0,A,F,S,W,N,R,鴻盛,OTHERS,國內終端,145.0,235.0,25.0,235.0,SUS420,145.0,0.0,135.0,SUS304,960.0,27956.0
691,4.0,38.0,A,F,M,C,N,R,超延,OTHERS,國內終端,116.0,112.0,50.0,89.0,SUS420,116.0,0.0,74.5,SUS304,1274.0,20596.0
692,14.0,1500.0,B,C,H,C,N,N,漢辰,SEMI,國內設備商,75.0,90.0,50.0,90.0,SUS420,75.0,0.0,90.0,SUS304,746.0,16127.0
693,1.0,20.0,A,X,S,W,B,R,力鼎精密,SEMI,國內設備商,170.0,423.0,25.0,423.0,SUS420,170.0,0.0,104.5,SUS304,949.0,29000.0
694,6.0,1500.0,B,C,M,C,N,R,KJLC,OTHERS,國外代理商,82.5,94.3,50.0,94.3,SUS420,82.5,0.0,76.2,SUS304,1008.0,16772.0
695,28.0,10.0,A,F,S,C,N,R,凌嘉,DISPLAY,國內設備商,80.0,119.5,12.0,119.5,SUS420,80.0,0.0,69.5,SUS304,372.0,4498.0
696,1.0,1500.0,B,C,M,C,N,R,KJLC,OTHERS,國外代理商,82.5,94.3,50.0,94.3,SUS420,82.5,0.0,76.2,SUS304,1008.0,16772.0
697,1.0,250.0,B,B,S,C,N,R,KJLC,OTHERS,國外代理商,41.3,87.3,6.35,87.3,SUS420,41.3,0.0,49.0,SUS304,911.0,7044.0
698,20.0,750.0,B,N,S,C,N,R,KJLC,OTHERS,國外代理商,72.9,223.825,20.0,223.82,SUS420,72.9,0.0,128.83,SUS304,485.0,12610.0
699,1.0,375.0,B,B,S,C,N,R,UMC 8AB,SEMI,國內終端,41.0,86.5,10.0,86.5,SUS420,41.0,0.0,42.0,SUS304,286.0,4018.0
700,2.0,375.0,B,B,S,C,N,R,聚昌,LED,國內設備商,41.0,86.5,10.0,86.5,SUS420,41.0,0.0,42.0,SUS304,286.0,4018.0
701,40.0,2000.0,B,C,M,C,N,R,KJLC,OTHERS,國外代理商,95.19,100.7,60.5,100.7,SUS420,95.19,0.0,82.6,SUS304,412.0,10261.0
702,2.0,375.0,B,B,S,C,N,R,聚昌,LED,國內設備商,41.0,86.5,10.0,86.5,SUS420,41.0,0.0,42.0,SUS304,286.0,4018.0
703,1.0,375.0,B,B,S,C,N,R,聚昌,LED,國內設備商,41.0,86.5,10.0,86.5,SUS420,41.0,0.0,42.0,SUS304,286.0,4018.0
704,1.0,250.0,B,G,S,C,N,R,KJLC,OTHERS,國外代理商,69.3,103.1,10.0,103.1,SUS420,69.3,0.0,65.0,SUS304,523.0,6037.0
705,3.0,20.0,A,X,S,W,B,R,力鼎精密,SEMI,國內設備商,170.0,423.0,25.0,423.0,SUS420,170.0,0.0,104.5,SUS304,949.0,29000.0
706,4.0,12.0,A,B,S,C,N,R,宏達隆科技,OTHERS,國內設備商,60.0,119.5,15.0,119.5,SUS420,60.0,0.0,69.5,SUS304,618.0,13128.0
707,2.0,375.0,B,B,S,C,N,R,加高,OTHERS,國內終端,41.0,86.5,10.0,86.5,SUS420,41.0,0.0,42.0,SUS304,286.0,4018.0
708,1.0,375.0,B,B,S,C,N,R,聚昌,LED,國內設備商,41.0,86.5,10.0,86.5,SUS420,41.0,0.0,42.0,SUS304,286.0,4018.0
709,2.0,500.0,B,G,S,C,N,R,KJLC,OTHERS,國外代理商,60.3,219.9,15.0,219.9,SUS420,60.3,0.0,124.6,SUS304,1186.0,15727.0
710,2.0,30.0,X,X,S,W,N,R,AUOL8A,DISPLAY,國內終端,146.0,162.0,56.85,162.0,SUS420,146.0,0.0,76.0,SUS304,619.0,18600.0
711,1.0,30.0,X,X,S,W,N,R,AUOL8A,DISPLAY,國內終端,146.0,162.0,56.85,162.0,SUS420,146.0,0.0,76.0,SUS304,619.0,18600.0
712,2.0,375.0,B,B,S,C,N,R,UMC 8AB,SEMI,國內終端,41.0,86.5,10.0,86.5,SUS420,41.0,0.0,42.0,SUS304,286.0,4018.0
713,6.0,1500.0,B,C,H,C,N,N,漢辰,SEMI,國內設備商,75.0,90.0,50.0,90.0,SUS420,75.0,0.0,90.0,SUS304,746.0,16127.0
714,1.0,375.0,B,B,S,C,N,R,加高,OTHERS,國內終端,41.0,86.5,10.0,86.5,SUS420,41.0,0.0,42.0,SUS304,286.0,4018.0
715,1.0,1000.0,B,X,X,C,M,N,亞太竑,INDUSTRIAL,國內代理商,119.45,115.7,46.15,108.4,SUS420,119.45,0.0,109.3,SUS304,2159.0,20684.0
716,24.0,10.0,A,F,S,C,N,R,凌嘉,DISPLAY,國內設備商,80.0,119.5,12.0,119.5,SUS420,80.0,0.0,69.5,SUS304,372.0,4498.0
717,4.0,375.0,B,X,S,C,N,R,KJLC,OTHERS,國外代理商,69.74,161.93,10.0,161.93,SUS420,69.47,0.0,82.55,AL6061,955.0,9556.0
718,6.0,12.0,A,F,S,C,N,R,優貝克,DISPLAY,國外設備商,94.0,102.0,15.0,102.0,SUS420,94.0,0.0,50.0,SUS304,543.0,11008.0
719,2.0,10.0,A,F,M,C,N,R,優貝克,DISPLAY,國外設備商,95.0,97.0,20.0,97.0,SUS420,95.0,0.0,82.0,SUS304,1063.0,21961.0
720,8.0,1500.0,B,C,H,C,N,N,漢辰,SEMI,國內設備商,75.0,90.0,50.0,90.0,SUS420,75.0,0.0,90.0,SUS304,746.0,16127.0
721,1.0,250.0,B,G,S,C,N,R,KJLC,OTHERS,國外代理商,69.3,103.1,10.0,103.1,SUS420,69.3,0.0,65.0,SUS304,523.0,6037.0
722,3.0,500.0,B,N,S,C,N,R,KJLC,OTHERS,國外代理商,72.6,223.8,15.0,223.8,SUS420,72.6,0.0,128.8,SUS304,621.0,15976.0
723,1.0,750.0,B,F,M,C,N,R,KJLC,OTHERS,國外代理商,152.4,153.2,20.0,153.2,SUS420,152.4,0.0,90.5,SUS304,1064.0,15881.0
724,1.0,250.0,B,B,S,C,N,R,KJLC,OTHERS,國外代理商,53.8,100.8,10.0,100.8,SUS420,53.8,0.0,62.7,SUS304,530.0,6474.0
725,5.0,20.0,A,F,S,C,N,R,巨孚,INDUSTRIAL,國內設備商,105.0,162.4,24.0,162.4,SUS420,105.0,0.0,92.4,SUS304,664.0,12513.0
726,66.0,10.0,A,F,S,C,N,R,凌嘉,DISPLAY,國內設備商,80.0,119.5,12.0,119.5,SUS420,80.0,0.0,69.5,SUS304,372.0,4498.0
727,1.0,375.0,B,B,S,C,N,R,聚昌,LED,國內設備商,41.0,86.5,10.0,86.5,SUS420,41.0,0.0,42.0,SUS304,286.0,4018.0
728,1.0,10.0,A,F,S,C,N,R,凌嘉,DISPLAY,國內設備商,80.0,119.5,12.0,119.5,SUS420,80.0,0.0,69.5,SUS304,372.0,4498.0
729,2.0,375.0,B,B,S,C,N,R,UMC 8AB,SEMI,國內終端,41.0,86.5,10.0,86.5,SUS420,41.0,0.0,42.0,SUS304,286.0,4018.0
730,4.0,250.0,B,S,S,C,N,R,KJLC,OTHERS,國外代理商,19.1,87.3,6.35,87.3,SUS420,19.1,0.0,49.2,SUS304,640.0,8406.0
731,3.0,250.0,B,G,S,C,N,R,KJLC,OTHERS,國外代理商,69.3,103.1,10.0,103.1,SUS420,69.3,0.0,65.0,SUS304,523.0,6037.0
732,10.0,10.0,A,F,S,C,N,R,凌嘉,DISPLAY,國內設備商,80.0,119.5,12.0,119.5,SUS420,80.0,0.0,69.5,SUS304,372.0,4498.0
733,10.0,10.0,A,F,S,C,N,R,凌嘉,DISPLAY,國內設備商,80.0,119.5,12.0,119.5,SUS420,80.0,0.0,69.5,SUS304,372.0,4498.0
734,1.0,375.0,B,B,S,C,N,R,加高,OTHERS,國內終端,41.0,86.5,10.0,86.5,SUS420,41.0,0.0,42.0,SUS304,286.0,4018.0
735,6.0,375.0,B,B,S,C,N,R,KJLC,OTHERS,國外代理商,38.1,86.106,10.0,86.106,SUS420,38.1,0.0,41.91,SUS304,868.0,7543.0
736,3.0,250.0,B,B,S,C,N,R,KJLC,OTHERS,國外代理商,53.8,100.8,10.0,100.8,SUS420,53.8,0.0,62.7,SUS304,530.0,6474.0
737,11.0,250.0,B,B,S,C,N,R,KJLC,OTHERS,國外代理商,41.3,87.3,10.0,87.3,SUS420,41.3,0.0,49.0,SUS304,390.0,4800.0
738,2.0,65.0,A,X,S,C,N,R,INX-8,DISPLAY,國內終端,194.0,211.6,65.0,211.6,SUS420,194.0,0.0,107.5,SUS304,644.0,53948.0
739,1.0,500.0,B,C,M,C,N,R,KJLC,OTHERS,國外代理商,50.8,81.7,20.0,71.7,SUS420,50.8,0.0,69.9,SUS304,1461.0,16690.0
740,6.0,375.0,B,B,S,C,N,R,亮傑,SEMI,國內設備商,41.0,86.5,10.0,86.5,SUS420,41.0,0.0,42.0,SUS304,286.0,4018.0
741,2.0,625.0,X,X,S,A,N,H,聯穎光電,LED,國內終端,76.2,204.0,44.0,204.0,SUS420,76.2,0.0,87.5,AL6061,934.0,20717.0
742,6.0,12.0,A,F,S,C,N,R,優貝克,DISPLAY,國外設備商,94.0,102.0,15.0,102.0,SUS420,94.0,0.0,50.0,SUS304,543.0,11008.0
743,2.0,10.0,A,F,M,C,N,R,優貝克,DISPLAY,國外設備商,95.0,97.0,20.0,97.0,SUS420,95.0,0.0,82.0,SUS304,1063.0,21961.0
744,39.0,10.0,A,F,S,C,N,R,凌嘉,DISPLAY,國內設備商,80.0,119.5,12.0,119.5,SUS420,80.0,0.0,69.5,SUS304,372.0,4498.0
745,4.0,10.0,A,F,S,C,N,R,凌嘉,DISPLAY,國內設備商,80.0,119.5,12.0,119.5,SUS420,80.0,0.0,69.5,SUS304,372.0,4498.0
746,5.0,375.0,B,B,S,C,N,R,聚昌,LED,國內設備商,41.0,86.5,10.0,86.5,SUS420,41.0,0.0,42.0,SUS304,286.0,4018.0
748,20.0,2000.0,B,C,M,C,N,R,KJLC,OTHERS,國外代理商,95.19,100.7,60.5,100.7,SUS420,95.19,0.0,82.6,SUS304,412.0,10261.0
749,2.0,375.0,B,B,S,C,N,R,竑新,OTHERS,國內代理商,41.0,86.5,10.0,86.5,SUS420,41.0,0.0,42.0,SUS304,286.0,4018.0
750,1.0,6.0,A,X,S,C,N,R,TSMC-8,SEMI,國內終端,52.0,91.0,6.0,91.0,SUS420,52.0,0.0,25.0,SUS304,962.0,6888.0
751,1.0,6.0,A,X,S,C,N,R,TSMC-8,SEMI,國內終端,52.0,91.0,6.0,91.0,SUS420,52.0,0.0,25.0,SUS304,962.0,6888.0
752,1.0,6.0,A,X,S,C,N,R,TSMC-8,SEMI,國內終端,52.0,91.0,6.0,91.0,SUS420,52.0,0.0,25.0,SUS304,962.0,6888.0
753,1.0,6.0,A,X,S,C,N,R,TSMC-8,SEMI,國內終端,52.0,91.0,6.0,91.0,SUS420,52.0,0.0,25.0,SUS304,962.0,6888.0
754,2.0,250.0,B,B,S,C,N,R,KJLC,OTHERS,國外代理商,41.3,87.3,10.0,87.3,SUS420,41.3,0.0,49.0,SUS304,390.0,4800.0
755,2.0,1000.0,B,C,M,C,N,R,KJLC,OTHERS,國外代理商,66.61,84.81,33.0,84.81,SUS420,66.61,0.0,69.85,SUS304,882.0,10136.0
756,2.0,12.0,A,K,S,C,M,R,KJLC,OTHERS,國外代理商,55.0,150.0,15.0,150.0,SUS420,55.0,0.0,86.0,SUS304,875.0,8652.0
757,2.0,375.0,B,G,S,W,N,R,KJLC,OTHERS,國外代理商,69.3,115.8,10.0,115.8,SUS420,69.3,0.0,77.7,SUS304,659.0,8102.0
758,1.0,750.0,B,F,M,C,N,R,KJLC,OTHERS,國外代理商,152.4,153.2,20.0,153.2,SUS420,152.4,0.0,90.5,SUS304,1064.0,15881.0
759,1.0,20.0,A,F,S,C,N,R,KJLC,OTHERS,國外代理商,105.0,151.5,25.0,151.5,SUS420,105.0,0.0,81.5,SUS304,646.0,7955.0
760,1.0,30.0,X,X,S,C,M,R,捷永國際,DISPLAY,國內代理商,142.0,302.0,54.9,302.0,SUS420,142.0,0.0,165.0,SUS304,779.0,21921.0
761,1.0,30.0,X,X,S,C,N,R,捷永國際,DISPLAY,國內代理商,142.0,172.0,57.0,172.0,SUS420,142.0,0.0,77.5,SUS304,686.0,17743.0
762,4.0,5.0,A,B,S,C,N,R,VPC,OTHERS,國外代理商,28.0,62.0,5.0,62.0,SUS630,28.0,0.0,32.0,SUS304,427.0,11308.0
763,1.0,5.0,A,B,S,C,N,R,VPC,OTHERS,國外代理商,28.0,62.0,5.0,62.0,SUS630,28.0,0.0,32.0,SUS304,427.0,11308.0
764,5.0,30.0,X,X,S,W,M,R,AMAT,DISPLAY,國內設備商,128.0,180.5,54.9,180.5,SUS420,128.0,0.0,121.0,SUS304,455.0,16083.0
765,1.0,30.0,A,X,S,W,M,R,AMAT,DISPLAY,國內設備商,138.0,231.0,54.9,231.0,SUS420,138.0,0.0,127.0,SUS304,0.0,0.0
766,1.0,30.0,A,X,S,W,M,R,AMAT,DISPLAY,國內設備商,138.0,231.0,54.9,231.0,SUS420,138.0,0.0,127.0,SUS304,587.0,18179.0
767,1.0,40.0,A,X,S,C,N,R,AMAT,DISPLAY,國內設備商,170.0,241.0,70.0,241.0,SUS420,170.0,0.0,127.0,SUS304,1070.0,26935.0
832,2.0,40.0,A,X,S,C,N,R,AMAT,DISPLAY,國內設備商,170.0,241.0,70.0,241.0,SUS420,170.0,0.0,127.0,SUS304,1070.0,26935.0
833,1.0,40.0,A,X,S,C,N,R,AMAT,DISPLAY,國內設備商,170.0,241.0,70.0,241.0,SUS420,170.0,0.0,127.0,SUS304,1070.0,26935.0
834,1.0,40.0,A,X,S,C,N,R,AMAT,DISPLAY,國內設備商,170.0,241.0,70.0,241.0,SUS420,170.0,0.0,127.0,SUS304,1070.0,26935.0
835,1.0,40.0,A,X,S,C,N,R,AMAT,DISPLAY,國內設備商,170.0,241.0,70.0,241.0,SUS420,170.0,0.0,127.0,SUS304,1070.0,26935.0
836,1.0,40.0,A,X,S,C,N,R,AMAT,DISPLAY,國內設備商,170.0,241.0,70.0,241.0,SUS420,170.0,0.0,127.0,SUS304,1070.0,26935.0
